filename,label
./speech_audio/Unclear/HeStutters_22_68.wav,Unclear
./speech_audio/Unclear/HeStutters_22_54.wav,Unclear
./speech_audio/Unclear/StutterTalk_4_39.wav,Unclear
./speech_audio/Unclear/HeStutters_22_40.wav,Unclear
./speech_audio/Unclear/WomenWhoStutter_0_20.wav,Unclear
./speech_audio/Unclear/WomenWhoStutter_0_34.wav,Unclear
./speech_audio/Unclear/HeStutters_22_97.wav,Unclear
./speech_audio/Unclear/HeStutters_22_83.wav,Unclear
./speech_audio/Unclear/StutterTalk_5_3.wav,Unclear
./speech_audio/Unclear/WomenWhoStutter_0_157.wav,Unclear
./speech_audio/Unclear/WomenWhoStutter_0_143.wav,Unclear
./speech_audio/Unclear/FluencyBank_178_59.wav,Unclear
./speech_audio/Unclear/FluencyBank_178_71.wav,Unclear
./speech_audio/Unclear/FluencyBank_173_8.wav,Unclear
./speech_audio/Unclear/FluencyBank_178_65.wav,Unclear
./speech_audio/Unclear/WomenWhoStutter_0_5.wav,Unclear
./speech_audio/Unclear/WomenWhoStutter_0_180.wav,Unclear
./speech_audio/Unclear/HeStutters_21_161.wav,Unclear
./speech_audio/Unclear/HeStutters_21_175.wav,Unclear
./speech_audio/Unclear/FluencyBank_173_78.wav,Unclear
./speech_audio/Unclear/FluencyBank_173_50.wav,Unclear
./speech_audio/Unclear/FluencyBank_173_44.wav,Unclear
./speech_audio/Unclear/HeStutters_22_101.wav,Unclear
./speech_audio/Unclear/StutterTalk_6_14.wav,Unclear
./speech_audio/Unclear/HeStutters_21_217.wav,Unclear
./speech_audio/Unclear/HeStutters_21_203.wav,Unclear
./speech_audio/Unclear/HeStutters_21_202.wav,Unclear
./speech_audio/Unclear/HeStutters_21_216.wav,Unclear
./speech_audio/Unclear/StutterTalk_6_15.wav,Unclear
./speech_audio/Unclear/HeStutters_22_100.wav,Unclear
./speech_audio/Unclear/FluencyBank_173_45.wav,Unclear
./speech_audio/Unclear/FluencyBank_173_51.wav,Unclear
./speech_audio/Unclear/HeStutters_21_174.wav,Unclear
./speech_audio/Unclear/HeStutters_21_160.wav,Unclear
./speech_audio/Unclear/WomenWhoStutter_0_181.wav,Unclear
./speech_audio/Unclear/FluencyBank_173_9.wav,Unclear
./speech_audio/Unclear/FluencyBank_178_64.wav,Unclear
./speech_audio/Unclear/WomenWhoStutter_0_4.wav,Unclear
./speech_audio/Unclear/FluencyBank_178_70.wav,Unclear
./speech_audio/Unclear/WomenWhoStutter_0_142.wav,Unclear
./speech_audio/Unclear/FluencyBank_178_58.wav,Unclear
./speech_audio/Unclear/StutterTalk_5_2.wav,Unclear
./speech_audio/Unclear/WomenWhoStutter_0_156.wav,Unclear
./speech_audio/Unclear/HeStutters_22_82.wav,Unclear
./speech_audio/Unclear/HeStutters_22_96.wav,Unclear
./speech_audio/Unclear/WomenWhoStutter_0_35.wav,Unclear
./speech_audio/Unclear/WomenWhoStutter_0_21.wav,Unclear
./speech_audio/Unclear/HeStutters_22_41.wav,Unclear
./speech_audio/Unclear/StutterTalk_4_38.wav,Unclear
./speech_audio/Unclear/HeStutters_22_55.wav,Unclear
./speech_audio/Unclear/HeStutters_22_69.wav,Unclear
./speech_audio/Unclear/HeStutters_22_43.wav,Unclear
./speech_audio/Unclear/HeStutters_22_57.wav,Unclear
./speech_audio/Unclear/WomenWhoStutter_0_37.wav,Unclear
./speech_audio/Unclear/WomenWhoStutter_0_23.wav,Unclear
./speech_audio/Unclear/HeStutters_22_80.wav,Unclear
./speech_audio/Unclear/HeStutters_22_94.wav,Unclear
./speech_audio/Unclear/HeStutters_21_189.wav,Unclear
./speech_audio/Unclear/WomenWhoStutter_0_140.wav,Unclear
./speech_audio/Unclear/WomenWhoStutter_0_154.wav,Unclear
./speech_audio/Unclear/StutterTalk_5_0.wav,Unclear
./speech_audio/Unclear/WomenWhoStutter_0_6.wav,Unclear
./speech_audio/Unclear/FluencyBank_178_66.wav,Unclear
./speech_audio/Unclear/WomenWhoStutter_0_168.wav,Unclear
./speech_audio/Unclear/FluencyBank_178_72.wav,Unclear
./speech_audio/Unclear/FluencyBank_178_99.wav,Unclear
./speech_audio/Unclear/WomenWhoStutter_0_183.wav,Unclear
./speech_audio/Unclear/HeStutters_21_176.wav,Unclear
./speech_audio/Unclear/HeStutters_21_162.wav,Unclear
./speech_audio/Unclear/FluencyBank_173_47.wav,Unclear
./speech_audio/Unclear/HeStutters_22_102.wav,Unclear
./speech_audio/Unclear/FluencyBank_173_53.wav,Unclear
./speech_audio/Unclear/StutterTalk_6_17.wav,Unclear
./speech_audio/Unclear/HeStutters_21_200.wav,Unclear
./speech_audio/Unclear/HeStutters_21_214.wav,Unclear
./speech_audio/Unclear/HeStutters_21_215.wav,Unclear
./speech_audio/Unclear/HeStutters_21_201.wav,Unclear
./speech_audio/Unclear/StutterTalk_6_16.wav,Unclear
./speech_audio/Unclear/FluencyBank_173_52.wav,Unclear
./speech_audio/Unclear/HeStutters_22_103.wav,Unclear
./speech_audio/Unclear/FluencyBank_173_46.wav,Unclear
./speech_audio/Unclear/HeStutters_21_163.wav,Unclear
./speech_audio/Unclear/HeStutters_21_177.wav,Unclear
./speech_audio/Unclear/FluencyBank_178_98.wav,Unclear
./speech_audio/Unclear/WomenWhoStutter_0_182.wav,Unclear
./speech_audio/Unclear/WomenWhoStutter_0_169.wav,Unclear
./speech_audio/Unclear/FluencyBank_178_73.wav,Unclear
./speech_audio/Unclear/WomenWhoStutter_0_7.wav,Unclear
./speech_audio/Unclear/FluencyBank_178_67.wav,Unclear
./speech_audio/Unclear/WomenWhoStutter_0_155.wav,Unclear
./speech_audio/Unclear/StutterTalk_5_1.wav,Unclear
./speech_audio/Unclear/HeStutters_21_188.wav,Unclear
./speech_audio/Unclear/WomenWhoStutter_0_141.wav,Unclear
./speech_audio/Unclear/HeStutters_22_95.wav,Unclear
./speech_audio/Unclear/HeStutters_22_81.wav,Unclear
./speech_audio/Unclear/WomenWhoStutter_0_22.wav,Unclear
./speech_audio/Unclear/WomenWhoStutter_0_36.wav,Unclear
./speech_audio/Unclear/HeStutters_22_56.wav,Unclear
./speech_audio/Unclear/HeStutters_22_42.wav,Unclear
./speech_audio/Unclear/HeStutters_22_46.wav,Unclear
./speech_audio/Unclear/HeStutters_22_52.wav,Unclear
./speech_audio/Unclear/HeStutters_22_85.wav,Unclear
./speech_audio/Unclear/HeStutters_22_91.wav,Unclear
./speech_audio/Unclear/WomenWhoStutter_0_32.wav,Unclear
./speech_audio/Unclear/WomenWhoStutter_0_26.wav,Unclear
./speech_audio/Unclear/WomenWhoStutter_0_179.wav,Unclear
./speech_audio/Unclear/FluencyBank_178_63.wav,Unclear
./speech_audio/Unclear/WomenWhoStutter_0_3.wav,Unclear
./speech_audio/Unclear/FluencyBank_178_77.wav,Unclear
./speech_audio/Unclear/WomenWhoStutter_0_145.wav,Unclear
./speech_audio/Unclear/StutterTalk_5_5.wav,Unclear
./speech_audio/Unclear/HeStutters_21_198.wav,Unclear
./speech_audio/Unclear/WomenWhoStutter_0_151.wav,Unclear
./speech_audio/Unclear/HeStutters_21_173.wav,Unclear
./speech_audio/Unclear/HeStutters_21_167.wav,Unclear
./speech_audio/Unclear/WomenWhoStutter_0_186.wav,Unclear
./speech_audio/Unclear/FluencyBank_178_88.wav,Unclear
./speech_audio/Unclear/FluencyBank_173_42.wav,Unclear
./speech_audio/Unclear/HeStutters_22_107.wav,Unclear
./speech_audio/Unclear/FluencyBank_173_56.wav,Unclear
./speech_audio/Unclear/StutterTalk_6_12.wav,Unclear
./speech_audio/Unclear/HeStutters_21_205.wav,Unclear
./speech_audio/Unclear/HeStutters_21_211.wav,Unclear
./speech_audio/Unclear/HeStutters_21_210.wav,Unclear
./speech_audio/Unclear/HeStutters_21_204.wav,Unclear
./speech_audio/Unclear/StutterTalk_6_13.wav,Unclear
./speech_audio/Unclear/FluencyBank_173_57.wav,Unclear
./speech_audio/Unclear/HeStutters_22_106.wav,Unclear
./speech_audio/Unclear/FluencyBank_173_43.wav,Unclear
./speech_audio/Unclear/FluencyBank_178_89.wav,Unclear
./speech_audio/Unclear/HeStutters_21_166.wav,Unclear
./speech_audio/Unclear/HeStutters_21_172.wav,Unclear
./speech_audio/Unclear/HeStutters_21_199.wav,Unclear
./speech_audio/Unclear/StutterTalk_5_4.wav,Unclear
./speech_audio/Unclear/WomenWhoStutter_0_150.wav,Unclear
./speech_audio/Unclear/WomenWhoStutter_0_144.wav,Unclear
./speech_audio/Unclear/FluencyBank_178_76.wav,Unclear
./speech_audio/Unclear/WomenWhoStutter_0_178.wav,Unclear
./speech_audio/Unclear/FluencyBank_178_62.wav,Unclear
./speech_audio/Unclear/WomenWhoStutter_0_2.wav,Unclear
./speech_audio/Unclear/WomenWhoStutter_0_27.wav,Unclear
./speech_audio/Unclear/WomenWhoStutter_0_33.wav,Unclear
./speech_audio/Unclear/HeStutters_22_90.wav,Unclear
./speech_audio/Unclear/HeStutters_22_84.wav,Unclear
./speech_audio/Unclear/HeStutters_22_53.wav,Unclear
./speech_audio/Unclear/HeStutters_22_47.wav,Unclear
./speech_audio/Unclear/HeStutters_22_51.wav,Unclear
./speech_audio/Unclear/HeStutters_22_45.wav,Unclear
./speech_audio/Unclear/HeStutters_22_79.wav,Unclear
./speech_audio/Unclear/HeStutters_22_92.wav,Unclear
./speech_audio/Unclear/WomenWhoStutter_0_19.wav,Unclear
./speech_audio/Unclear/HeStutters_22_86.wav,Unclear
./speech_audio/Unclear/WomenWhoStutter_0_25.wav,Unclear
./speech_audio/Unclear/WomenWhoStutter_0_31.wav,Unclear
./speech_audio/Unclear/FluencyBank_178_74.wav,Unclear
./speech_audio/Unclear/WomenWhoStutter_0_0.wav,Unclear
./speech_audio/Unclear/FluencyBank_178_60.wav,Unclear
./speech_audio/Unclear/WomenWhoStutter_0_152.wav,Unclear
./speech_audio/Unclear/StutterTalk_5_6.wav,Unclear
./speech_audio/Unclear/FluencyBank_178_48.wav,Unclear
./speech_audio/Unclear/WomenWhoStutter_0_146.wav,Unclear
./speech_audio/Unclear/HeStutters_21_164.wav,Unclear
./speech_audio/Unclear/HeStutters_21_170.wav,Unclear
./speech_audio/Unclear/HeStutters_21_158.wav,Unclear
./speech_audio/Unclear/WomenWhoStutter_0_185.wav,Unclear
./speech_audio/Unclear/FluencyBank_173_55.wav,Unclear
./speech_audio/Unclear/FluencyBank_173_41.wav,Unclear
./speech_audio/Unclear/HeStutters_22_104.wav,Unclear
./speech_audio/Unclear/FluencyBank_173_69.wav,Unclear
./speech_audio/Unclear/StutterTalk_6_11.wav,Unclear
./speech_audio/Unclear/HeStutters_21_212.wav,Unclear
./speech_audio/Unclear/HeStutters_21_206.wav,Unclear
./speech_audio/Unclear/HeStutters_21_207.wav,Unclear
./speech_audio/Unclear/HeStutters_21_213.wav,Unclear
./speech_audio/Unclear/StutterTalk_6_10.wav,Unclear
./speech_audio/Unclear/FluencyBank_173_68.wav,Unclear
./speech_audio/Unclear/HeStutters_22_105.wav,Unclear
./speech_audio/Unclear/FluencyBank_173_40.wav,Unclear
./speech_audio/Unclear/FluencyBank_173_54.wav,Unclear
./speech_audio/Unclear/WomenWhoStutter_0_184.wav,Unclear
./speech_audio/Unclear/HeStutters_21_159.wav,Unclear
./speech_audio/Unclear/HeStutters_21_171.wav,Unclear
./speech_audio/Unclear/HeStutters_21_165.wav,Unclear
./speech_audio/Unclear/WomenWhoStutter_0_147.wav,Unclear
./speech_audio/Unclear/WomenWhoStutter_0_153.wav,Unclear
./speech_audio/Unclear/FluencyBank_178_49.wav,Unclear
./speech_audio/Unclear/StutterTalk_5_7.wav,Unclear
./speech_audio/Unclear/WomenWhoStutter_0_1.wav,Unclear
./speech_audio/Unclear/FluencyBank_178_61.wav,Unclear
./speech_audio/Unclear/FluencyBank_178_75.wav,Unclear
./speech_audio/Unclear/WomenWhoStutter_0_30.wav,Unclear
./speech_audio/Unclear/WomenWhoStutter_0_24.wav,Unclear
./speech_audio/Unclear/HeStutters_22_87.wav,Unclear
./speech_audio/Unclear/WomenWhoStutter_0_18.wav,Unclear
./speech_audio/Unclear/HeStutters_22_93.wav,Unclear
./speech_audio/Unclear/HeStutters_22_78.wav,Unclear
./speech_audio/Unclear/HeStutters_22_44.wav,Unclear
./speech_audio/Unclear/HeStutters_22_50.wav,Unclear
./speech_audio/Unclear/WomenWhoStutter_0_80.wav,Unclear
./speech_audio/Unclear/HeStutters_22_4.wav,Unclear
./speech_audio/Unclear/WomenWhoStutter_0_94.wav,Unclear
./speech_audio/Unclear/HeStutters_22_37.wav,Unclear
./speech_audio/Unclear/HeStutters_22_23.wav,Unclear
./speech_audio/Unclear/WomenWhoStutter_0_43.wav,Unclear
./speech_audio/Unclear/WomenWhoStutter_0_57.wav,Unclear
./speech_audio/Unclear/FluencyBank_178_0.wav,Unclear
./speech_audio/Unclear/WomenWhoStutter_0_134.wav,Unclear
./speech_audio/Unclear/WomenWhoStutter_0_120.wav,Unclear
./speech_audio/Unclear/WomenWhoStutter_0_108.wav,Unclear
./speech_audio/Unclear/FluencyBank_178_12.wav,Unclear
./speech_audio/Unclear/FluencyBank_173_33.wav,Unclear
./speech_audio/Unclear/StutterTalk_5_26.wav,Unclear
./speech_audio/Unclear/FluencyBank_173_27.wav,Unclear
./speech_audio/Unclear/StutterTalk_5_32.wav,Unclear
./speech_audio/Unclear/StutterTalk_6_2.wav,Unclear
./speech_audio/Unclear/StutterTalk_6_3.wav,Unclear
./speech_audio/Unclear/StutterTalk_5_33.wav,Unclear
./speech_audio/Unclear/FluencyBank_173_26.wav,Unclear
./speech_audio/Unclear/StutterTalk_5_27.wav,Unclear
./speech_audio/Unclear/FluencyBank_173_32.wav,Unclear
./speech_audio/Unclear/WomenWhoStutter_0_109.wav,Unclear
./speech_audio/Unclear/FluencyBank_178_13.wav,Unclear
./speech_audio/Unclear/WomenWhoStutter_0_121.wav,Unclear
./speech_audio/Unclear/WomenWhoStutter_0_135.wav,Unclear
./speech_audio/Unclear/FluencyBank_178_1.wav,Unclear
./speech_audio/Unclear/WomenWhoStutter_0_56.wav,Unclear
./speech_audio/Unclear/WomenWhoStutter_0_42.wav,Unclear
./speech_audio/Unclear/HeStutters_22_22.wav,Unclear
./speech_audio/Unclear/HeStutters_22_36.wav,Unclear
./speech_audio/Unclear/WomenWhoStutter_0_95.wav,Unclear
./speech_audio/Unclear/WomenWhoStutter_0_81.wav,Unclear
./speech_audio/Unclear/HeStutters_22_5.wav,Unclear
./speech_audio/Unclear/WomenWhoStutter_0_97.wav,Unclear
./speech_audio/Unclear/HeStutters_22_7.wav,Unclear
./speech_audio/Unclear/WomenWhoStutter_0_83.wav,Unclear
./speech_audio/Unclear/HeStutters_22_20.wav,Unclear
./speech_audio/Unclear/HeStutters_22_34.wav,Unclear
./speech_audio/Unclear/WomenWhoStutter_0_54.wav,Unclear
./speech_audio/Unclear/WomenWhoStutter_0_40.wav,Unclear
./speech_audio/Unclear/WomenWhoStutter_0_68.wav,Unclear
./speech_audio/Unclear/FluencyBank_178_3.wav,Unclear
./speech_audio/Unclear/WomenWhoStutter_0_123.wav,Unclear
./speech_audio/Unclear/FluencyBank_178_39.wav,Unclear
./speech_audio/Unclear/WomenWhoStutter_0_137.wav,Unclear
./speech_audio/Unclear/FluencyBank_178_11.wav,Unclear
./speech_audio/Unclear/FluencyBank_173_18.wav,Unclear
./speech_audio/Unclear/StutterTalk_5_19.wav,Unclear
./speech_audio/Unclear/FluencyBank_178_108.wav,Unclear
./speech_audio/Unclear/FluencyBank_173_24.wav,Unclear
./speech_audio/Unclear/StutterTalk_5_31.wav,Unclear
./speech_audio/Unclear/FluencyBank_173_30.wav,Unclear
./speech_audio/Unclear/StutterTalk_5_25.wav,Unclear
./speech_audio/Unclear/StutterTalk_6_1.wav,Unclear
./speech_audio/Unclear/StutterTalk_6_0.wav,Unclear
./speech_audio/Unclear/StutterTalk_5_24.wav,Unclear
./speech_audio/Unclear/FluencyBank_173_31.wav,Unclear
./speech_audio/Unclear/StutterTalk_5_30.wav,Unclear
./speech_audio/Unclear/FluencyBank_173_25.wav,Unclear
./speech_audio/Unclear/FluencyBank_178_109.wav,Unclear
./speech_audio/Unclear/StutterTalk_5_18.wav,Unclear
./speech_audio/Unclear/FluencyBank_173_19.wav,Unclear
./speech_audio/Unclear/FluencyBank_178_10.wav,Unclear
./speech_audio/Unclear/WomenWhoStutter_0_136.wav,Unclear
./speech_audio/Unclear/WomenWhoStutter_0_122.wav,Unclear
./speech_audio/Unclear/FluencyBank_178_38.wav,Unclear
./speech_audio/Unclear/FluencyBank_178_2.wav,Unclear
./speech_audio/Unclear/WomenWhoStutter_0_69.wav,Unclear
./speech_audio/Unclear/WomenWhoStutter_0_41.wav,Unclear
./speech_audio/Unclear/WomenWhoStutter_0_55.wav,Unclear
./speech_audio/Unclear/HeStutters_22_35.wav,Unclear
./speech_audio/Unclear/HeStutters_22_21.wav,Unclear
./speech_audio/Unclear/HeStutters_22_6.wav,Unclear
./speech_audio/Unclear/WomenWhoStutter_0_82.wav,Unclear
./speech_audio/Unclear/WomenWhoStutter_0_96.wav,Unclear
./speech_audio/Unclear/HeStutters_22_25.wav,Unclear
./speech_audio/Unclear/HeStutters_22_31.wav,Unclear
./speech_audio/Unclear/WomenWhoStutter_0_92.wav,Unclear
./speech_audio/Unclear/HeStutters_22_19.wav,Unclear
./speech_audio/Unclear/WomenWhoStutter_0_86.wav,Unclear
./speech_audio/Unclear/HeStutters_22_2.wav,Unclear
./speech_audio/Unclear/WomenWhoStutter_0_79.wav,Unclear
./speech_audio/Unclear/FluencyBank_178_6.wav,Unclear
./speech_audio/Unclear/WomenWhoStutter_0_51.wav,Unclear
./speech_audio/Unclear/WomenWhoStutter_0_45.wav,Unclear
./speech_audio/Unclear/FluencyBank_178_14.wav,Unclear
./speech_audio/Unclear/WomenWhoStutter_0_126.wav,Unclear
./speech_audio/Unclear/WomenWhoStutter_0_132.wav,Unclear
./speech_audio/Unclear/FluencyBank_178_28.wav,Unclear
./speech_audio/Unclear/StutterTalk_5_34.wav,Unclear
./speech_audio/Unclear/FluencyBank_173_21.wav,Unclear
./speech_audio/Unclear/StutterTalk_5_20.wav,Unclear
./speech_audio/Unclear/FluencyBank_173_35.wav,Unclear
./speech_audio/Unclear/StutterTalk_6_4.wav,Unclear
./speech_audio/Unclear/StutterTalk_6_5.wav,Unclear
./speech_audio/Unclear/FluencyBank_173_34.wav,Unclear
./speech_audio/Unclear/StutterTalk_5_21.wav,Unclear
./speech_audio/Unclear/FluencyBank_173_20.wav,Unclear
./speech_audio/Unclear/StutterTalk_5_35.wav,Unclear
./speech_audio/Unclear/WomenWhoStutter_0_133.wav,Unclear
./speech_audio/Unclear/FluencyBank_178_29.wav,Unclear
./speech_audio/Unclear/WomenWhoStutter_0_127.wav,Unclear
./speech_audio/Unclear/FluencyBank_178_15.wav,Unclear
./speech_audio/Unclear/WomenWhoStutter_0_44.wav,Unclear
./speech_audio/Unclear/WomenWhoStutter_0_50.wav,Unclear
./speech_audio/Unclear/FluencyBank_178_7.wav,Unclear
./speech_audio/Unclear/WomenWhoStutter_0_78.wav,Unclear
./speech_audio/Unclear/WomenWhoStutter_0_87.wav,Unclear
./speech_audio/Unclear/HeStutters_22_3.wav,Unclear
./speech_audio/Unclear/HeStutters_22_18.wav,Unclear
./speech_audio/Unclear/WomenWhoStutter_0_93.wav,Unclear
./speech_audio/Unclear/HeStutters_22_30.wav,Unclear
./speech_audio/Unclear/HeStutters_22_24.wav,Unclear
./speech_audio/Unclear/HeStutters_22_32.wav,Unclear
./speech_audio/Unclear/HeStutters_22_26.wav,Unclear
./speech_audio/Unclear/HeStutters_22_1.wav,Unclear
./speech_audio/Unclear/WomenWhoStutter_0_85.wav,Unclear
./speech_audio/Unclear/WomenWhoStutter_0_91.wav,Unclear
./speech_audio/Unclear/FluencyBank_178_5.wav,Unclear
./speech_audio/Unclear/WomenWhoStutter_0_46.wav,Unclear
./speech_audio/Unclear/WomenWhoStutter_0_52.wav,Unclear
./speech_audio/Unclear/FluencyBank_178_17.wav,Unclear
./speech_audio/Unclear/WomenWhoStutter_0_119.wav,Unclear
./speech_audio/Unclear/WomenWhoStutter_0_131.wav,Unclear
./speech_audio/Unclear/WomenWhoStutter_0_125.wav,Unclear
./speech_audio/Unclear/StutterTalk_81_39.wav,Unclear
./speech_audio/Unclear/StutterTalk_5_23.wav,Unclear
./speech_audio/Unclear/FluencyBank_173_36.wav,Unclear
./speech_audio/Unclear/StutterTalk_5_37.wav,Unclear
./speech_audio/Unclear/FluencyBank_173_22.wav,Unclear
./speech_audio/Unclear/StutterTalk_6_7.wav,Unclear
./speech_audio/Unclear/StutterTalk_6_6.wav,Unclear
./speech_audio/Unclear/FluencyBank_173_23.wav,Unclear
./speech_audio/Unclear/StutterTalk_5_36.wav,Unclear
./speech_audio/Unclear/FluencyBank_173_37.wav,Unclear
./speech_audio/Unclear/StutterTalk_5_22.wav,Unclear
./speech_audio/Unclear/WomenWhoStutter_0_124.wav,Unclear
./speech_audio/Unclear/StutterTalk_81_38.wav,Unclear
./speech_audio/Unclear/WomenWhoStutter_0_130.wav,Unclear
./speech_audio/Unclear/WomenWhoStutter_0_118.wav,Unclear
./speech_audio/Unclear/FluencyBank_178_16.wav,Unclear
./speech_audio/Unclear/WomenWhoStutter_0_53.wav,Unclear
./speech_audio/Unclear/WomenWhoStutter_0_47.wav,Unclear
./speech_audio/Unclear/FluencyBank_178_4.wav,Unclear
./speech_audio/Unclear/WomenWhoStutter_0_90.wav,Unclear
./speech_audio/Unclear/HeStutters_22_0.wav,Unclear
./speech_audio/Unclear/WomenWhoStutter_0_84.wav,Unclear
./speech_audio/Unclear/HeStutters_22_27.wav,Unclear
./speech_audio/Unclear/HeStutters_22_33.wav,Unclear
./speech_audio/Unclear/HeStutters_22_16.wav,Unclear
./speech_audio/Unclear/WomenWhoStutter_0_89.wav,Unclear
./speech_audio/Unclear/WomenWhoStutter_0_62.wav,Unclear
./speech_audio/Unclear/FluencyBank_178_9.wav,Unclear
./speech_audio/Unclear/WomenWhoStutter_0_76.wav,Unclear
./speech_audio/Unclear/WomenWhoStutter_0_115.wav,Unclear
./speech_audio/Unclear/WomenWhoStutter_0_101.wav,Unclear
./speech_audio/Unclear/WomenWhoStutter_0_129.wav,Unclear
./speech_audio/Unclear/FluencyBank_178_33.wav,Unclear
./speech_audio/Unclear/StutterTalk_81_35.wav,Unclear
./speech_audio/Unclear/FluencyBank_178_27.wav,Unclear
./speech_audio/Unclear/FluencyBank_178_102.wav,Unclear
./speech_audio/Unclear/FluencyBank_178_116.wav,Unclear
./speech_audio/Unclear/FluencyBank_173_12.wav,Unclear
./speech_audio/Unclear/StutterTalk_5_13.wav,Unclear
./speech_audio/Unclear/StutterTalk_5_12.wav,Unclear
./speech_audio/Unclear/FluencyBank_173_13.wav,Unclear
./speech_audio/Unclear/FluencyBank_178_103.wav,Unclear
./speech_audio/Unclear/FluencyBank_178_26.wav,Unclear
./speech_audio/Unclear/WomenWhoStutter_0_128.wav,Unclear
./speech_audio/Unclear/StutterTalk_81_34.wav,Unclear
./speech_audio/Unclear/FluencyBank_178_32.wav,Unclear
./speech_audio/Unclear/WomenWhoStutter_0_100.wav,Unclear
./speech_audio/Unclear/WomenWhoStutter_0_114.wav,Unclear
./speech_audio/Unclear/WomenWhoStutter_0_77.wav,Unclear
./speech_audio/Unclear/FluencyBank_178_8.wav,Unclear
./speech_audio/Unclear/WomenWhoStutter_0_63.wav,Unclear
./speech_audio/Unclear/WomenWhoStutter_0_88.wav,Unclear
./speech_audio/Unclear/HeStutters_22_17.wav,Unclear
./speech_audio/Unclear/HeStutters_22_29.wav,Unclear
./speech_audio/Unclear/HeStutters_22_15.wav,Unclear
./speech_audio/Unclear/WomenWhoStutter_0_75.wav,Unclear
./speech_audio/Unclear/WomenWhoStutter_0_61.wav,Unclear
./speech_audio/Unclear/WomenWhoStutter_0_49.wav,Unclear
./speech_audio/Unclear/WomenWhoStutter_0_102.wav,Unclear
./speech_audio/Unclear/FluencyBank_178_18.wav,Unclear
./speech_audio/Unclear/WomenWhoStutter_0_116.wav,Unclear
./speech_audio/Unclear/FluencyBank_178_24.wav,Unclear
./speech_audio/Unclear/FluencyBank_178_30.wav,Unclear
./speech_audio/Unclear/StutterTalk_81_36.wav,Unclear
./speech_audio/Unclear/FluencyBank_178_115.wav,Unclear
./speech_audio/Unclear/FluencyBank_173_39.wav,Unclear
./speech_audio/Unclear/FluencyBank_178_101.wav,Unclear
./speech_audio/Unclear/StutterTalk_5_38.wav,Unclear
./speech_audio/Unclear/StutterTalk_5_10.wav,Unclear
./speech_audio/Unclear/FluencyBank_173_11.wav,Unclear
./speech_audio/Unclear/StutterTalk_6_8.wav,Unclear
./speech_audio/Unclear/StutterTalk_6_9.wav,Unclear
./speech_audio/Unclear/FluencyBank_173_10.wav,Unclear
./speech_audio/Unclear/StutterTalk_5_11.wav,Unclear
./speech_audio/Unclear/StutterTalk_5_39.wav,Unclear
./speech_audio/Unclear/FluencyBank_178_100.wav,Unclear
./speech_audio/Unclear/FluencyBank_173_38.wav,Unclear
./speech_audio/Unclear/FluencyBank_178_114.wav,Unclear
./speech_audio/Unclear/StutterTalk_81_37.wav,Unclear
./speech_audio/Unclear/FluencyBank_178_31.wav,Unclear
./speech_audio/Unclear/FluencyBank_178_25.wav,Unclear
./speech_audio/Unclear/WomenWhoStutter_0_117.wav,Unclear
./speech_audio/Unclear/WomenWhoStutter_0_103.wav,Unclear
./speech_audio/Unclear/FluencyBank_178_19.wav,Unclear
./speech_audio/Unclear/WomenWhoStutter_0_48.wav,Unclear
./speech_audio/Unclear/WomenWhoStutter_0_60.wav,Unclear
./speech_audio/Unclear/WomenWhoStutter_0_74.wav,Unclear
./speech_audio/Unclear/HeStutters_22_14.wav,Unclear
./speech_audio/Unclear/HeStutters_22_28.wav,Unclear
./speech_audio/Unclear/HeStutters_22_10.wav,Unclear
./speech_audio/Unclear/HeStutters_22_38.wav,Unclear
./speech_audio/Unclear/WomenWhoStutter_0_58.wav,Unclear
./speech_audio/Unclear/WomenWhoStutter_0_70.wav,Unclear
./speech_audio/Unclear/WomenWhoStutter_0_64.wav,Unclear
./speech_audio/Unclear/FluencyBank_178_21.wav,Unclear
./speech_audio/Unclear/FluencyBank_178_35.wav,Unclear
./speech_audio/Unclear/StutterTalk_81_33.wav,Unclear
./speech_audio/Unclear/WomenWhoStutter_0_107.wav,Unclear
./speech_audio/Unclear/WomenWhoStutter_0_113.wav,Unclear
./speech_audio/Unclear/StutterTalk_5_15.wav,Unclear
./speech_audio/Unclear/FluencyBank_173_14.wav,Unclear
./speech_audio/Unclear/FluencyBank_178_110.wav,Unclear
./speech_audio/Unclear/StutterTalk_5_29.wav,Unclear
./speech_audio/Unclear/FluencyBank_178_104.wav,Unclear
./speech_audio/Unclear/FluencyBank_173_28.wav,Unclear
./speech_audio/Unclear/FluencyBank_173_29.wav,Unclear
./speech_audio/Unclear/FluencyBank_178_105.wav,Unclear
./speech_audio/Unclear/StutterTalk_5_28.wav,Unclear
./speech_audio/Unclear/FluencyBank_178_111.wav,Unclear
./speech_audio/Unclear/FluencyBank_173_15.wav,Unclear
./speech_audio/Unclear/StutterTalk_5_14.wav,Unclear
./speech_audio/Unclear/WomenWhoStutter_0_112.wav,Unclear
./speech_audio/Unclear/WomenWhoStutter_0_106.wav,Unclear
./speech_audio/Unclear/FluencyBank_178_34.wav,Unclear
./speech_audio/Unclear/FluencyBank_178_20.wav,Unclear
./speech_audio/Unclear/WomenWhoStutter_0_65.wav,Unclear
./speech_audio/Unclear/WomenWhoStutter_0_71.wav,Unclear
./speech_audio/Unclear/WomenWhoStutter_0_59.wav,Unclear
./speech_audio/Unclear/HeStutters_22_39.wav,Unclear
./speech_audio/Unclear/HeStutters_22_11.wav,Unclear
./speech_audio/Unclear/WomenWhoStutter_0_98.wav,Unclear
./speech_audio/Unclear/HeStutters_22_13.wav,Unclear
./speech_audio/Unclear/HeStutters_22_8.wav,Unclear
./speech_audio/Unclear/WomenWhoStutter_0_67.wav,Unclear
./speech_audio/Unclear/WomenWhoStutter_0_73.wav,Unclear
./speech_audio/Unclear/FluencyBank_178_36.wav,Unclear
./speech_audio/Unclear/WomenWhoStutter_0_138.wav,Unclear
./speech_audio/Unclear/FluencyBank_178_22.wav,Unclear
./speech_audio/Unclear/WomenWhoStutter_0_110.wav,Unclear
./speech_audio/Unclear/WomenWhoStutter_0_104.wav,Unclear
./speech_audio/Unclear/FluencyBank_173_17.wav,Unclear
./speech_audio/Unclear/StutterTalk_5_16.wav,Unclear
./speech_audio/Unclear/FluencyBank_178_107.wav,Unclear
./speech_audio/Unclear/FluencyBank_178_113.wav,Unclear
./speech_audio/Unclear/FluencyBank_178_112.wav,Unclear
./speech_audio/Unclear/FluencyBank_178_106.wav,Unclear
./speech_audio/Unclear/StutterTalk_5_17.wav,Unclear
./speech_audio/Unclear/FluencyBank_173_16.wav,Unclear
./speech_audio/Unclear/WomenWhoStutter_0_105.wav,Unclear
./speech_audio/Unclear/WomenWhoStutter_0_111.wav,Unclear
./speech_audio/Unclear/WomenWhoStutter_0_139.wav,Unclear
./speech_audio/Unclear/FluencyBank_178_23.wav,Unclear
./speech_audio/Unclear/FluencyBank_178_37.wav,Unclear
./speech_audio/Unclear/WomenWhoStutter_0_72.wav,Unclear
./speech_audio/Unclear/WomenWhoStutter_0_66.wav,Unclear
./speech_audio/Unclear/HeStutters_22_9.wav,Unclear
./speech_audio/Unclear/HeStutters_22_12.wav,Unclear
./speech_audio/Unclear/WomenWhoStutter_0_99.wav,Unclear
./speech_audio/Unclear/HeStutters_22_49.wav,Unclear
./speech_audio/Unclear/HeStutters_22_75.wav,Unclear
./speech_audio/Unclear/HeStutters_22_61.wav,Unclear
./speech_audio/Unclear/WomenWhoStutter_0_15.wav,Unclear
./speech_audio/Unclear/WomenWhoStutter_0_29.wav,Unclear
./speech_audio/Unclear/WomenWhoStutter_0_176.wav,Unclear
./speech_audio/Unclear/WomenWhoStutter_0_162.wav,Unclear
./speech_audio/Unclear/FluencyBank_178_78.wav,Unclear
./speech_audio/Unclear/HeStutters_21_183.wav,Unclear
./speech_audio/Unclear/FluencyBank_178_50.wav,Unclear
./speech_audio/Unclear/HeStutters_21_197.wav,Unclear
./speech_audio/Unclear/FluencyBank_178_44.wav,Unclear
./speech_audio/Unclear/HeStutters_21_168.wav,Unclear
./speech_audio/Unclear/FluencyBank_178_93.wav,Unclear
./speech_audio/Unclear/HeStutters_21_154.wav,Unclear
./speech_audio/Unclear/FluencyBank_178_87.wav,Unclear
./speech_audio/Unclear/HeStutters_22_108.wav,Unclear
./speech_audio/Unclear/FluencyBank_173_59.wav,Unclear
./speech_audio/Unclear/FluencyBank_173_71.wav,Unclear
./speech_audio/Unclear/FluencyBank_173_65.wav,Unclear
./speech_audio/Unclear/StutterTalk_6_21.wav,Unclear
./speech_audio/Unclear/StutterTalk_6_20.wav,Unclear
./speech_audio/Unclear/FluencyBank_173_64.wav,Unclear
./speech_audio/Unclear/FluencyBank_173_70.wav,Unclear
./speech_audio/Unclear/FluencyBank_173_58.wav,Unclear
./speech_audio/Unclear/FluencyBank_178_86.wav,Unclear
./speech_audio/Unclear/HeStutters_21_155.wav,Unclear
./speech_audio/Unclear/FluencyBank_178_92.wav,Unclear
./speech_audio/Unclear/HeStutters_21_169.wav,Unclear
./speech_audio/Unclear/FluencyBank_178_45.wav,Unclear
./speech_audio/Unclear/HeStutters_21_196.wav,Unclear
./speech_audio/Unclear/FluencyBank_178_51.wav,Unclear
./speech_audio/Unclear/HeStutters_21_182.wav,Unclear
./speech_audio/Unclear/WomenWhoStutter_0_163.wav,Unclear
./speech_audio/Unclear/FluencyBank_178_79.wav,Unclear
./speech_audio/Unclear/WomenWhoStutter_0_177.wav,Unclear
./speech_audio/Unclear/WomenWhoStutter_0_28.wav,Unclear
./speech_audio/Unclear/WomenWhoStutter_0_14.wav,Unclear
./speech_audio/Unclear/HeStutters_22_60.wav,Unclear
./speech_audio/Unclear/HeStutters_22_74.wav,Unclear
./speech_audio/Unclear/HeStutters_22_48.wav,Unclear
./speech_audio/Unclear/HeStutters_22_62.wav,Unclear
./speech_audio/Unclear/HeStutters_22_76.wav,Unclear
./speech_audio/Unclear/WomenWhoStutter_0_16.wav,Unclear
./speech_audio/Unclear/HeStutters_22_89.wav,Unclear
./speech_audio/Unclear/WomenWhoStutter_0_161.wav,Unclear
./speech_audio/Unclear/WomenWhoStutter_0_175.wav,Unclear
./speech_audio/Unclear/StutterTalk_5_9.wav,Unclear
./speech_audio/Unclear/HeStutters_21_194.wav,Unclear
./speech_audio/Unclear/FluencyBank_178_47.wav,Unclear
./speech_audio/Unclear/WomenWhoStutter_0_149.wav,Unclear
./speech_audio/Unclear/HeStutters_21_180.wav,Unclear
./speech_audio/Unclear/FluencyBank_178_53.wav,Unclear
./speech_audio/Unclear/HeStutters_21_157.wav,Unclear
./speech_audio/Unclear/FluencyBank_178_84.wav,Unclear
./speech_audio/Unclear/FluencyBank_178_90.wav,Unclear
./speech_audio/Unclear/FluencyBank_173_66.wav,Unclear
./speech_audio/Unclear/FluencyBank_173_72.wav,Unclear
./speech_audio/Unclear/HeStutters_21_209.wav,Unclear
./speech_audio/Unclear/HeStutters_21_220.wav,Unclear
./speech_audio/Unclear/HeStutters_21_208.wav,Unclear
./speech_audio/Unclear/FluencyBank_173_73.wav,Unclear
./speech_audio/Unclear/FluencyBank_173_67.wav,Unclear
./speech_audio/Unclear/FluencyBank_178_91.wav,Unclear
./speech_audio/Unclear/FluencyBank_178_85.wav,Unclear
./speech_audio/Unclear/HeStutters_21_156.wav,Unclear
./speech_audio/Unclear/WomenWhoStutter_0_148.wav,Unclear
./speech_audio/Unclear/FluencyBank_178_52.wav,Unclear
./speech_audio/Unclear/HeStutters_21_181.wav,Unclear
./speech_audio/Unclear/FluencyBank_178_46.wav,Unclear
./speech_audio/Unclear/HeStutters_21_195.wav,Unclear
./speech_audio/Unclear/StutterTalk_5_8.wav,Unclear
./speech_audio/Unclear/WomenWhoStutter_0_174.wav,Unclear
./speech_audio/Unclear/WomenWhoStutter_0_160.wav,Unclear
./speech_audio/Unclear/HeStutters_22_88.wav,Unclear
./speech_audio/Unclear/WomenWhoStutter_0_17.wav,Unclear
./speech_audio/Unclear/HeStutters_22_77.wav,Unclear
./speech_audio/Unclear/HeStutters_22_63.wav,Unclear
./speech_audio/Unclear/HeStutters_22_67.wav,Unclear
./speech_audio/Unclear/HeStutters_22_73.wav,Unclear
./speech_audio/Unclear/StutterTalk_4_36.wav,Unclear
./speech_audio/Unclear/HeStutters_22_98.wav,Unclear
./speech_audio/Unclear/WomenWhoStutter_0_13.wav,Unclear
./speech_audio/Unclear/WomenWhoStutter_0_158.wav,Unclear
./speech_audio/Unclear/FluencyBank_178_42.wav,Unclear
./speech_audio/Unclear/HeStutters_21_191.wav,Unclear
./speech_audio/Unclear/FluencyBank_178_56.wav,Unclear
./speech_audio/Unclear/HeStutters_21_185.wav,Unclear
./speech_audio/Unclear/WomenWhoStutter_0_164.wav,Unclear
./speech_audio/Unclear/FluencyBank_173_7.wav,Unclear
./speech_audio/Unclear/WomenWhoStutter_0_170.wav,Unclear
./speech_audio/Unclear/FluencyBank_178_81.wav,Unclear
./speech_audio/Unclear/FluencyBank_178_95.wav,Unclear
./speech_audio/Unclear/FluencyBank_173_63.wav,Unclear
./speech_audio/Unclear/FluencyBank_173_77.wav,Unclear
./speech_audio/Unclear/HeStutters_21_218.wav,Unclear
./speech_audio/Unclear/HeStutters_21_219.wav,Unclear
./speech_audio/Unclear/FluencyBank_173_76.wav,Unclear
./speech_audio/Unclear/FluencyBank_173_62.wav,Unclear
./speech_audio/Unclear/FluencyBank_178_94.wav,Unclear
./speech_audio/Unclear/HeStutters_21_153.wav,Unclear
./speech_audio/Unclear/FluencyBank_178_80.wav,Unclear
./speech_audio/Unclear/WomenWhoStutter_0_171.wav,Unclear
./speech_audio/Unclear/WomenWhoStutter_0_165.wav,Unclear
./speech_audio/Unclear/HeStutters_21_184.wav,Unclear
./speech_audio/Unclear/FluencyBank_178_57.wav,Unclear
./speech_audio/Unclear/WomenWhoStutter_0_159.wav,Unclear
./speech_audio/Unclear/HeStutters_21_190.wav,Unclear
./speech_audio/Unclear/FluencyBank_178_43.wav,Unclear
./speech_audio/Unclear/WomenWhoStutter_0_12.wav,Unclear
./speech_audio/Unclear/HeStutters_22_99.wav,Unclear
./speech_audio/Unclear/StutterTalk_4_37.wav,Unclear
./speech_audio/Unclear/HeStutters_22_72.wav,Unclear
./speech_audio/Unclear/HeStutters_22_66.wav,Unclear
./speech_audio/Unclear/HeStutters_22_70.wav,Unclear
./speech_audio/Unclear/HeStutters_22_64.wav,Unclear
./speech_audio/Unclear/StutterTalk_4_35.wav,Unclear
./speech_audio/Unclear/HeStutters_22_58.wav,Unclear
./speech_audio/Unclear/WomenWhoStutter_0_38.wav,Unclear
./speech_audio/Unclear/WomenWhoStutter_0_10.wav,Unclear
./speech_audio/Unclear/FluencyBank_178_55.wav,Unclear
./speech_audio/Unclear/HeStutters_21_186.wav,Unclear
./speech_audio/Unclear/FluencyBank_178_41.wav,Unclear
./speech_audio/Unclear/HeStutters_21_192.wav,Unclear
./speech_audio/Unclear/WomenWhoStutter_0_173.wav,Unclear
./speech_audio/Unclear/WomenWhoStutter_0_9.wav,Unclear
./speech_audio/Unclear/FluencyBank_178_69.wav,Unclear
./speech_audio/Unclear/WomenWhoStutter_0_167.wav,Unclear
./speech_audio/Unclear/FluencyBank_178_96.wav,Unclear
./speech_audio/Unclear/FluencyBank_178_82.wav,Unclear
./speech_audio/Unclear/HeStutters_21_179.wav,Unclear
./speech_audio/Unclear/FluencyBank_173_74.wav,Unclear
./speech_audio/Unclear/FluencyBank_173_60.wav,Unclear
./speech_audio/Unclear/FluencyBank_173_48.wav,Unclear
./speech_audio/Unclear/StutterTalk_6_18.wav,Unclear
./speech_audio/Unclear/StutterTalk_6_19.wav,Unclear
./speech_audio/Unclear/FluencyBank_173_49.wav,Unclear
./speech_audio/Unclear/FluencyBank_173_61.wav,Unclear
./speech_audio/Unclear/FluencyBank_173_75.wav,Unclear
./speech_audio/Unclear/HeStutters_21_178.wav,Unclear
./speech_audio/Unclear/FluencyBank_178_83.wav,Unclear
./speech_audio/Unclear/FluencyBank_178_97.wav,Unclear
./speech_audio/Unclear/WomenWhoStutter_0_166.wav,Unclear
./speech_audio/Unclear/WomenWhoStutter_0_172.wav,Unclear
./speech_audio/Unclear/WomenWhoStutter_0_8.wav,Unclear
./speech_audio/Unclear/FluencyBank_178_68.wav,Unclear
./speech_audio/Unclear/HeStutters_21_193.wav,Unclear
./speech_audio/Unclear/FluencyBank_178_40.wav,Unclear
./speech_audio/Unclear/HeStutters_21_187.wav,Unclear
./speech_audio/Unclear/FluencyBank_178_54.wav,Unclear
./speech_audio/Unclear/WomenWhoStutter_0_11.wav,Unclear
./speech_audio/Unclear/WomenWhoStutter_0_39.wav,Unclear
./speech_audio/Unclear/HeStutters_22_59.wav,Unclear
./speech_audio/Unclear/StutterTalk_4_34.wav,Unclear
./speech_audio/Unclear/HeStutters_22_65.wav,Unclear
./speech_audio/Unclear/HeStutters_22_71.wav,Unclear
./speech_audio/Moderate/1041_MTI_DIS_XX.wav,Moderate
./speech_audio/Moderate/1042_ITS_SAD_XX.wav,Moderate
./speech_audio/Moderate/1087_IOM_ANG_XX.wav,Moderate
./speech_audio/Moderate/1042_TIE_FEA_XX.wav,Moderate
./speech_audio/Moderate/1041_WSI_DIS_XX.wav,Moderate
./speech_audio/Moderate/1041_DFA_DIS_XX.wav,Moderate
./speech_audio/Moderate/1043_ITH_SAD_XX.wav,Moderate
./speech_audio/Moderate/1089_TIE_HAP_XX.wav,Moderate
./speech_audio/Moderate/1089_IWW_DIS_XX.wav,Moderate
./speech_audio/Moderate/1041_TIE_ANG_XX.wav,Moderate
./speech_audio/Moderate/1087_IWL_SAD_XX.wav,Moderate
./speech_audio/Moderate/1043_IEO_DIS_HI.wav,Moderate
./speech_audio/Moderate/1042_MTI_ANG_XX.wav,Moderate
./speech_audio/Moderate/1087_ITH_HAP_XX.wav,Moderate
./speech_audio/Moderate/1042_WSI_ANG_XX.wav,Moderate
./speech_audio/Moderate/1089_IWW_FEA_XX.wav,Moderate
./speech_audio/Moderate/1042_DFA_ANG_XX.wav,Moderate
./speech_audio/Moderate/1044_IEO_SAD_HI.wav,Moderate
./speech_audio/Moderate/1040_TSI_HAP_XX.wav,Moderate
./speech_audio/Moderate/1042_TAI_SAD_XX.wav,Moderate
./speech_audio/Moderate/1043_IEO_FEA_HI.wav,Moderate
./speech_audio/Moderate/1041_MTI_FEA_XX.wav,Moderate
./speech_audio/Moderate/1043_IOM_NEU_XX.wav,Moderate
./speech_audio/Moderate/1042_IWW_HAP_XX.wav,Moderate
./speech_audio/Moderate/1041_DFA_FEA_XX.wav,Moderate
./speech_audio/Moderate/1042_TIE_DIS_XX.wav,Moderate
./speech_audio/Moderate/1041_WSI_FEA_XX.wav,Moderate
./speech_audio/Moderate/1044_IEO_ANG_MD.wav,Moderate
./speech_audio/Moderate/1043_IWL_HAP_XX.wav,Moderate
./speech_audio/Moderate/1087_IEO_HAP_HI.wav,Moderate
./speech_audio/Moderate/1042_IEO_NEU_XX.wav,Moderate
./speech_audio/Moderate/1043_ITH_FEA_XX.wav,Moderate
./speech_audio/Moderate/1042_TIE_SAD_XX.wav,Moderate
./speech_audio/Moderate/1042_ITS_FEA_XX.wav,Moderate
./speech_audio/Moderate/1087_TSI_ANG_XX.wav,Moderate
./speech_audio/Moderate/1089_ITS_HAP_XX.wav,Moderate
./speech_audio/Moderate/1044_IEO_DIS_HI.wav,Moderate
./speech_audio/Moderate/1042_TAI_DIS_XX.wav,Moderate
./speech_audio/Moderate/1087_IWL_FEA_XX.wav,Moderate
./speech_audio/Moderate/1090_DFA_HAP_XX.wav,Moderate
./speech_audio/Moderate/1041_ITS_ANG_XX.wav,Moderate
./speech_audio/Moderate/1044_IEO_FEA_HI.wav,Moderate
./speech_audio/Moderate/1043_IEO_SAD_HI.wav,Moderate
./speech_audio/Moderate/1087_IWL_DIS_XX.wav,Moderate
./speech_audio/Moderate/1042_TAI_FEA_XX.wav,Moderate
./speech_audio/Moderate/1089_MTI_NEU_XX.wav,Moderate
./speech_audio/Moderate/1043_TSI_NEU_XX.wav,Moderate
./speech_audio/Moderate/1089_IWW_SAD_XX.wav,Moderate
./speech_audio/Moderate/1089_DFA_NEU_XX.wav,Moderate
./speech_audio/Moderate/1089_WSI_NEU_XX.wav,Moderate
./speech_audio/Moderate/1041_TAI_ANG_XX.wav,Moderate
./speech_audio/Moderate/1043_IEO_ANG_MD.wav,Moderate
./speech_audio/Moderate/1041_WSI_SAD_XX.wav,Moderate
./speech_audio/Moderate/1041_DFA_SAD_XX.wav,Moderate
./speech_audio/Moderate/1043_ITH_DIS_XX.wav,Moderate
./speech_audio/Moderate/1041_IWW_NEU_XX.wav,Moderate
./speech_audio/Moderate/1089_TAI_HAP_XX.wav,Moderate
./speech_audio/Moderate/1041_MTI_SAD_XX.wav,Moderate
./speech_audio/Moderate/1042_ITS_DIS_XX.wav,Moderate
./speech_audio/Moderate/1089_IWL_SAD_XX.wav,Moderate
./speech_audio/Moderate/1088_WSI_NEU_XX.wav,Moderate
./speech_audio/Moderate/1087_IWW_DIS_XX.wav,Moderate
./speech_audio/Moderate/1044_DFA_ANG_XX.wav,Moderate
./speech_audio/Moderate/1087_TIE_HAP_XX.wav,Moderate
./speech_audio/Moderate/1042_TSI_NEU_XX.wav,Moderate
./speech_audio/Moderate/1041_IEO_FEA_MD.wav,Moderate
./speech_audio/Moderate/1043_TAI_FEA_XX.wav,Moderate
./speech_audio/Moderate/1042_IEO_SAD_HI.wav,Moderate
./speech_audio/Moderate/1043_ITS_DIS_XX.wav,Moderate
./speech_audio/Moderate/1041_IOM_HAP_XX.wav,Moderate
./speech_audio/Moderate/1042_ITH_DIS_XX.wav,Moderate
./speech_audio/Moderate/1090_IEO_DIS_LO.wav,Moderate
./speech_audio/Moderate/1040_WSI_SAD_XX.wav,Moderate
./speech_audio/Moderate/1089_IOM_ANG_XX.wav,Moderate
./speech_audio/Moderate/1042_IEO_ANG_MD.wav,Moderate
./speech_audio/Moderate/1041_IWL_NEU_XX.wav,Moderate
./speech_audio/Moderate/1043_ITS_FEA_XX.wav,Moderate
./speech_audio/Moderate/1090_IEO_FEA_LO.wav,Moderate
./speech_audio/Moderate/1043_TIE_SAD_XX.wav,Moderate
./speech_audio/Moderate/1043_IEO_NEU_XX.wav,Moderate
./speech_audio/Moderate/1042_ITH_FEA_XX.wav,Moderate
./speech_audio/Moderate/1090_IOM_SAD_XX.wav,Moderate
./speech_audio/Moderate/1087_IWW_FEA_XX.wav,Moderate
./speech_audio/Moderate/1089_ITH_HAP_XX.wav,Moderate
./speech_audio/Moderate/1041_ITH_ANG_XX.wav,Moderate
./speech_audio/Moderate/1041_IEO_DIS_MD.wav,Moderate
./speech_audio/Moderate/1043_TAI_DIS_XX.wav,Moderate
./speech_audio/Moderate/1041_TSI_HAP_XX.wav,Moderate
./speech_audio/Moderate/1041_IEO_SAD_MD.wav,Moderate
./speech_audio/Moderate/1042_IEO_FEA_HI.wav,Moderate
./speech_audio/Moderate/1043_TAI_SAD_XX.wav,Moderate
./speech_audio/Moderate/1043_DFA_ANG_XX.wav,Moderate
./speech_audio/Moderate/1041_IEO_HAP_LO.wav,Moderate
./speech_audio/Moderate/1043_WSI_ANG_XX.wav,Moderate
./speech_audio/Moderate/1089_IEO_ANG_LO.wav,Moderate
./speech_audio/Moderate/1089_IWL_FEA_XX.wav,Moderate
./speech_audio/Moderate/1090_IOM_DIS_XX.wav,Moderate
./speech_audio/Moderate/1043_MTI_ANG_XX.wav,Moderate
./speech_audio/Moderate/1087_ITS_HAP_XX.wav,Moderate
./speech_audio/Moderate/1089_TSI_ANG_XX.wav,Moderate
./speech_audio/Moderate/1042_IWL_HAP_XX.wav,Moderate
./speech_audio/Moderate/1041_IEO_ANG_HI.wav,Moderate
./speech_audio/Moderate/1043_TIE_DIS_XX.wav,Moderate
./speech_audio/Moderate/1040_WSI_FEA_XX.wav,Moderate
./speech_audio/Moderate/1043_IWW_HAP_XX.wav,Moderate
./speech_audio/Moderate/1089_IEO_HAP_HI.wav,Moderate
./speech_audio/Moderate/1042_IOM_NEU_XX.wav,Moderate
./speech_audio/Moderate/1087_TAI_HAP_XX.wav,Moderate
./speech_audio/Moderate/1090_IEO_HAP_MD.wav,Moderate
./speech_audio/Moderate/1044_IEO_NEU_XX.wav,Moderate
./speech_audio/Moderate/1042_ITH_SAD_XX.wav,Moderate
./speech_audio/Moderate/1043_TIE_FEA_XX.wav,Moderate
./speech_audio/Moderate/1090_IEO_SAD_LO.wav,Moderate
./speech_audio/Moderate/1040_WSI_DIS_XX.wav,Moderate
./speech_audio/Moderate/1043_ITS_SAD_XX.wav,Moderate
./speech_audio/Moderate/1042_IEO_DIS_HI.wav,Moderate
./speech_audio/Moderate/1040_TIE_ANG_XX.wav,Moderate
./speech_audio/Moderate/1087_IWW_SAD_XX.wav,Moderate
./speech_audio/Moderate/1090_IOM_FEA_XX.wav,Moderate
./speech_audio/Moderate/1089_IWL_DIS_XX.wav,Moderate
./speech_audio/Moderate/1087_MTI_NEU_XX.wav,Moderate
./speech_audio/Moderate/1089_TAI_NEU_XX.wav,Moderate
./speech_audio/Moderate/1042_MTI_FEA_XX.wav,Moderate
./speech_audio/Moderate/1041_IWW_HAP_XX.wav,Moderate
./speech_audio/Moderate/1042_WSI_FEA_XX.wav,Moderate
./speech_audio/Moderate/1041_TIE_DIS_XX.wav,Moderate
./speech_audio/Moderate/1089_IWW_ANG_XX.wav,Moderate
./speech_audio/Moderate/1042_DFA_FEA_XX.wav,Moderate
./speech_audio/Moderate/1043_IEO_ANG_HI.wav,Moderate
./speech_audio/Moderate/1041_MTI_ANG_XX.wav,Moderate
./speech_audio/Moderate/1087_IOM_DIS_XX.wav,Moderate
./speech_audio/Moderate/1089_WSI_HAP_XX.wav,Moderate
./speech_audio/Moderate/1089_DFA_HAP_XX.wav,Moderate
./speech_audio/Moderate/1043_IEO_HAP_LO.wav,Moderate
./speech_audio/Moderate/1041_DFA_ANG_XX.wav,Moderate
./speech_audio/Moderate/1041_WSI_ANG_XX.wav,Moderate
./speech_audio/Moderate/1041_TAI_SAD_XX.wav,Moderate
./speech_audio/Moderate/1044_IEO_FEA_MD.wav,Moderate
./speech_audio/Moderate/1043_IEO_SAD_MD.wav,Moderate
./speech_audio/Moderate/1043_TSI_HAP_XX.wav,Moderate
./speech_audio/Moderate/1089_MTI_HAP_XX.wav,Moderate
./speech_audio/Moderate/1087_IOM_FEA_XX.wav,Moderate
./speech_audio/Moderate/1042_TIE_ANG_XX.wav,Moderate
./speech_audio/Moderate/1090_DFA_NEU_XX.wav,Moderate
./speech_audio/Moderate/1044_IEO_DIS_MD.wav,Moderate
./speech_audio/Moderate/1089_ITS_NEU_XX.wav,Moderate
./speech_audio/Moderate/1041_ITS_SAD_XX.wav,Moderate
./speech_audio/Moderate/1042_MTI_DIS_XX.wav,Moderate
./speech_audio/Moderate/1042_DFA_DIS_XX.wav,Moderate
./speech_audio/Moderate/1042_WSI_DIS_XX.wav,Moderate
./speech_audio/Moderate/1087_IEO_SAD_LO.wav,Moderate
./speech_audio/Moderate/1041_TIE_FEA_XX.wav,Moderate
./speech_audio/Moderate/1087_IEO_HAP_MD.wav,Moderate
./speech_audio/Moderate/1044_IEO_ANG_HI.wav,Moderate
./speech_audio/Moderate/1043_IWL_NEU_XX.wav,Moderate
./speech_audio/Moderate/1042_TAI_ANG_XX.wav,Moderate
./speech_audio/Moderate/1042_DFA_SAD_XX.wav,Moderate
./speech_audio/Moderate/1042_WSI_SAD_XX.wav,Moderate
./speech_audio/Moderate/1042_IWW_NEU_XX.wav,Moderate
./speech_audio/Moderate/1041_ITS_DIS_XX.wav,Moderate
./speech_audio/Moderate/1042_MTI_SAD_XX.wav,Moderate
./speech_audio/Moderate/1043_IOM_HAP_XX.wav,Moderate
./speech_audio/Moderate/1040_TSI_NEU_XX.wav,Moderate
./speech_audio/Moderate/1041_TAI_FEA_XX.wav,Moderate
./speech_audio/Moderate/1043_IEO_FEA_MD.wav,Moderate
./speech_audio/Moderate/1087_ITH_NEU_XX.wav,Moderate
./speech_audio/Moderate/1044_IEO_HAP_LO.wav,Moderate
./speech_audio/Moderate/1041_TAI_DIS_XX.wav,Moderate
./speech_audio/Moderate/1043_IEO_DIS_MD.wav,Moderate
./speech_audio/Moderate/1043_ITH_ANG_XX.wav,Moderate
./speech_audio/Moderate/1089_TIE_NEU_XX.wav,Moderate
./speech_audio/Moderate/1087_IOM_SAD_XX.wav,Moderate
./speech_audio/Moderate/1042_ITS_ANG_XX.wav,Moderate
./speech_audio/Moderate/1087_IWL_ANG_XX.wav,Moderate
./speech_audio/Moderate/1041_TIE_SAD_XX.wav,Moderate
./speech_audio/Moderate/1087_IEO_FEA_LO.wav,Moderate
./speech_audio/Moderate/1041_IEO_NEU_XX.wav,Moderate
./speech_audio/Moderate/1041_ITS_FEA_XX.wav,Moderate
./speech_audio/Moderate/1087_MTI_HAP_XX.wav,Moderate
./speech_audio/Moderate/1043_ITS_ANG_XX.wav,Moderate
./speech_audio/Moderate/1090_IEO_ANG_LO.wav,Moderate
./speech_audio/Moderate/1042_ITH_ANG_XX.wav,Moderate
./speech_audio/Moderate/1089_IOM_DIS_XX.wav,Moderate
./speech_audio/Moderate/1042_IEO_DIS_MD.wav,Moderate
./speech_audio/Moderate/1087_IWW_ANG_XX.wav,Moderate
./speech_audio/Moderate/1041_ITH_FEA_XX.wav,Moderate
./speech_audio/Moderate/1044_DFA_DIS_XX.wav,Moderate
./speech_audio/Moderate/1040_TIE_SAD_XX.wav,Moderate
./speech_audio/Moderate/1087_TAI_NEU_XX.wav,Moderate
./speech_audio/Moderate/1090_IEO_HAP_HI.wav,Moderate
./speech_audio/Moderate/1042_IOM_HAP_XX.wav,Moderate
./speech_audio/Moderate/1089_IEO_HAP_MD.wav,Moderate
./speech_audio/Moderate/1089_TSI_SAD_XX.wav,Moderate
./speech_audio/Moderate/1043_MTI_SAD_XX.wav,Moderate
./speech_audio/Moderate/1089_IEO_SAD_LO.wav,Moderate
./speech_audio/Moderate/1043_IWW_NEU_XX.wav,Moderate
./speech_audio/Moderate/1043_WSI_SAD_XX.wav,Moderate
./speech_audio/Moderate/1044_DFA_FEA_XX.wav,Moderate
./speech_audio/Moderate/1041_ITH_DIS_XX.wav,Moderate
./speech_audio/Moderate/1043_DFA_SAD_XX.wav,Moderate
./speech_audio/Moderate/1041_IEO_ANG_MD.wav,Moderate
./speech_audio/Moderate/1042_IWL_NEU_XX.wav,Moderate
./speech_audio/Moderate/1043_TAI_ANG_XX.wav,Moderate
./speech_audio/Moderate/1087_ITS_NEU_XX.wav,Moderate
./speech_audio/Moderate/1040_TAI_FEA_XX.wav,Moderate
./speech_audio/Moderate/1089_IOM_FEA_XX.wav,Moderate
./speech_audio/Moderate/1041_IEO_SAD_HI.wav,Moderate
./speech_audio/Moderate/1042_IEO_FEA_MD.wav,Moderate
./speech_audio/Moderate/1041_TSI_NEU_XX.wav,Moderate
./speech_audio/Moderate/1041_IEO_DIS_HI.wav,Moderate
./speech_audio/Moderate/1043_TIE_ANG_XX.wav,Moderate
./speech_audio/Moderate/1089_ITH_NEU_XX.wav,Moderate
./speech_audio/Moderate/1043_WSI_DIS_XX.wav,Moderate
./speech_audio/Moderate/1040_TIE_FEA_XX.wav,Moderate
./speech_audio/Moderate/1041_ITH_SAD_XX.wav,Moderate
./speech_audio/Moderate/1043_DFA_DIS_XX.wav,Moderate
./speech_audio/Moderate/1089_IEO_DIS_LO.wav,Moderate
./speech_audio/Moderate/1089_TSI_DIS_XX.wav,Moderate
./speech_audio/Moderate/1090_IOM_ANG_XX.wav,Moderate
./speech_audio/Moderate/1043_MTI_DIS_XX.wav,Moderate
./speech_audio/Moderate/1042_IEO_ANG_HI.wav,Moderate
./speech_audio/Moderate/1041_IWL_HAP_XX.wav,Moderate
./speech_audio/Moderate/1044_DFA_SAD_XX.wav,Moderate
./speech_audio/Moderate/1043_DFA_FEA_XX.wav,Moderate
./speech_audio/Moderate/1043_WSI_FEA_XX.wav,Moderate
./speech_audio/Moderate/1040_TIE_DIS_XX.wav,Moderate
./speech_audio/Moderate/1089_IEO_FEA_LO.wav,Moderate
./speech_audio/Moderate/1089_IWL_ANG_XX.wav,Moderate
./speech_audio/Moderate/1041_IOM_NEU_XX.wav,Moderate
./speech_audio/Moderate/1043_MTI_FEA_XX.wav,Moderate
./speech_audio/Moderate/1089_TSI_FEA_XX.wav,Moderate
./speech_audio/Moderate/1041_IEO_FEA_HI.wav,Moderate
./speech_audio/Moderate/1089_IOM_SAD_XX.wav,Moderate
./speech_audio/Moderate/1040_TAI_SAD_XX.wav,Moderate
./speech_audio/Moderate/1042_TSI_HAP_XX.wav,Moderate
./speech_audio/Moderate/1042_IEO_SAD_MD.wav,Moderate
./speech_audio/Moderate/1087_TIE_NEU_XX.wav,Moderate
./speech_audio/Moderate/1040_WSI_ANG_XX.wav,Moderate
./speech_audio/Moderate/1042_IEO_HAP_LO.wav,Moderate
./speech_audio/Moderate/1088_WSI_HAP_XX.wav,Moderate
./speech_audio/Moderate/1087_IWW_NEU_XX.wav,Moderate
./speech_audio/Moderate/1087_MTI_SAD_XX.wav,Moderate
./speech_audio/Moderate/1087_TAI_ANG_XX.wav,Moderate
./speech_audio/Moderate/1090_IEO_ANG_MD.wav,Moderate
./speech_audio/Moderate/1042_TSI_DIS_XX.wav,Moderate
./speech_audio/Moderate/1042_IEO_DIS_LO.wav,Moderate
./speech_audio/Moderate/1043_ITS_NEU_XX.wav,Moderate
./speech_audio/Moderate/1090_IEO_SAD_HI.wav,Moderate
./speech_audio/Moderate/1041_IWL_DIS_XX.wav,Moderate
./speech_audio/Moderate/1040_TIE_HAP_XX.wav,Moderate
./speech_audio/Moderate/1042_ITH_NEU_XX.wav,Moderate
./speech_audio/Moderate/1089_IEO_HAP_LO.wav,Moderate
./speech_audio/Moderate/1042_IOM_SAD_XX.wav,Moderate
./speech_audio/Moderate/1087_ITS_ANG_XX.wav,Moderate
./speech_audio/Moderate/1089_TSI_HAP_XX.wav,Moderate
./speech_audio/Moderate/1089_IEO_SAD_MD.wav,Moderate
./speech_audio/Moderate/1043_MTI_HAP_XX.wav,Moderate
./speech_audio/Moderate/1041_IWL_FEA_XX.wav,Moderate
./speech_audio/Moderate/1041_TSI_ANG_XX.wav,Moderate
./speech_audio/Moderate/1043_WSI_HAP_XX.wav,Moderate
./speech_audio/Moderate/1041_IEO_ANG_LO.wav,Moderate
./speech_audio/Moderate/1043_DFA_HAP_XX.wav,Moderate
./speech_audio/Moderate/1043_IWW_ANG_XX.wav,Moderate
./speech_audio/Moderate/1089_IEO_ANG_HI.wav,Moderate
./speech_audio/Moderate/1041_IEO_HAP_HI.wav,Moderate
./speech_audio/Moderate/1042_TSI_FEA_XX.wav,Moderate
./speech_audio/Moderate/1042_IWL_ANG_XX.wav,Moderate
./speech_audio/Moderate/1043_TAI_NEU_XX.wav,Moderate
./speech_audio/Moderate/1042_IEO_FEA_LO.wav,Moderate
./speech_audio/Moderate/1087_MTI_FEA_XX.wav,Moderate
./speech_audio/Moderate/1090_IOM_NEU_XX.wav,Moderate
./speech_audio/Moderate/1041_ITH_HAP_XX.wav,Moderate
./speech_audio/Moderate/1043_TIE_NEU_XX.wav,Moderate
./speech_audio/Moderate/1090_IEO_FEA_HI.wav,Moderate
./speech_audio/Moderate/1042_IOM_DIS_XX.wav,Moderate
./speech_audio/Moderate/1089_IEO_DIS_MD.wav,Moderate
./speech_audio/Moderate/1089_ITH_ANG_XX.wav,Moderate
./speech_audio/Moderate/1044_DFA_HAP_XX.wav,Moderate
./speech_audio/Moderate/1040_WSI_NEU_XX.wav,Moderate
./speech_audio/Moderate/1087_TIE_ANG_XX.wav,Moderate
./speech_audio/Moderate/1090_IEO_DIS_HI.wav,Moderate
./speech_audio/Moderate/1041_IWL_SAD_XX.wav,Moderate
./speech_audio/Moderate/1042_IOM_FEA_XX.wav,Moderate
./speech_audio/Moderate/1089_IEO_FEA_MD.wav,Moderate
./speech_audio/Moderate/1042_IEO_SAD_LO.wav,Moderate
./speech_audio/Moderate/1040_TAI_HAP_XX.wav,Moderate
./speech_audio/Moderate/1089_IOM_HAP_XX.wav,Moderate
./speech_audio/Moderate/1042_IEO_HAP_MD.wav,Moderate
./speech_audio/Moderate/1042_TSI_SAD_XX.wav,Moderate
./speech_audio/Moderate/1089_IWL_NEU_XX.wav,Moderate
./speech_audio/Moderate/1087_MTI_DIS_XX.wav,Moderate
./speech_audio/Moderate/1041_IOM_ANG_XX.wav,Moderate
./speech_audio/Moderate/1088_WSI_SAD_XX.wav,Moderate
./speech_audio/Moderate/1041_IWW_SAD_XX.wav,Moderate
./speech_audio/Moderate/1043_IOM_FEA_XX.wav,Moderate
./speech_audio/Moderate/1041_MTI_NEU_XX.wav,Moderate
./speech_audio/Moderate/1041_DFA_NEU_XX.wav,Moderate
./speech_audio/Moderate/1041_WSI_NEU_XX.wav,Moderate
./speech_audio/Moderate/1089_WSI_SAD_XX.wav,Moderate
./speech_audio/Moderate/1089_DFA_SAD_XX.wav,Moderate
./speech_audio/Moderate/1089_TAI_ANG_XX.wav,Moderate
./speech_audio/Moderate/1041_TAI_HAP_XX.wav,Moderate
./speech_audio/Moderate/1043_TSI_SAD_XX.wav,Moderate
./speech_audio/Moderate/1043_IEO_HAP_MD.wav,Moderate
./speech_audio/Moderate/1089_MTI_SAD_XX.wav,Moderate
./speech_audio/Moderate/1043_IEO_SAD_LO.wav,Moderate
./speech_audio/Moderate/1044_IEO_FEA_LO.wav,Moderate
./speech_audio/Moderate/1089_IWW_NEU_XX.wav,Moderate
./speech_audio/Moderate/1044_IEO_DIS_LO.wav,Moderate
./speech_audio/Moderate/1041_ITS_HAP_XX.wav,Moderate
./speech_audio/Moderate/1043_IOM_DIS_XX.wav,Moderate
./speech_audio/Moderate/1087_IEO_SAD_MD.wav,Moderate
./speech_audio/Moderate/1089_ITS_ANG_XX.wav,Moderate
./speech_audio/Moderate/1042_TIE_NEU_XX.wav,Moderate
./speech_audio/Moderate/1090_DFA_ANG_XX.wav,Moderate
./speech_audio/Moderate/1087_IEO_HAP_LO.wav,Moderate
./speech_audio/Moderate/1042_DFA_HAP_XX.wav,Moderate
./speech_audio/Moderate/1042_WSI_HAP_XX.wav,Moderate
./speech_audio/Moderate/1087_ITH_ANG_XX.wav,Moderate
./speech_audio/Moderate/1040_TSI_ANG_XX.wav,Moderate
./speech_audio/Moderate/1087_IEO_DIS_MD.wav,Moderate
./speech_audio/Moderate/1042_MTI_HAP_XX.wav,Moderate
./speech_audio/Moderate/1043_IOM_SAD_XX.wav,Moderate
./speech_audio/Moderate/1041_IWW_FEA_XX.wav,Moderate
./speech_audio/Moderate/1090_IEO_NEU_XX.wav,Moderate
./speech_audio/Moderate/1043_IEO_FEA_LO.wav,Moderate
./speech_audio/Moderate/1043_IWL_ANG_XX.wav,Moderate
./speech_audio/Moderate/1042_TAI_NEU_XX.wav,Moderate
./speech_audio/Moderate/1089_MTI_FEA_XX.wav,Moderate
./speech_audio/Moderate/1044_IEO_HAP_MD.wav,Moderate
./speech_audio/Moderate/1043_TSI_FEA_XX.wav,Moderate
./speech_audio/Moderate/1042_IWW_ANG_XX.wav,Moderate
./speech_audio/Moderate/1089_DFA_FEA_XX.wav,Moderate
./speech_audio/Moderate/1089_WSI_FEA_XX.wav,Moderate
./speech_audio/Moderate/1043_IEO_DIS_LO.wav,Moderate
./speech_audio/Moderate/1043_TSI_DIS_XX.wav,Moderate
./speech_audio/Moderate/1087_IWL_NEU_XX.wav,Moderate
./speech_audio/Moderate/1089_MTI_DIS_XX.wav,Moderate
./speech_audio/Moderate/1087_IOM_HAP_XX.wav,Moderate
./speech_audio/Moderate/1089_WSI_DIS_XX.wav,Moderate
./speech_audio/Moderate/1089_DFA_DIS_XX.wav,Moderate
./speech_audio/Moderate/1043_ITH_NEU_XX.wav,Moderate
./speech_audio/Moderate/1041_TIE_HAP_XX.wav,Moderate
./speech_audio/Moderate/1087_IEO_FEA_MD.wav,Moderate
./speech_audio/Moderate/1042_ITS_NEU_XX.wav,Moderate
./speech_audio/Moderate/1041_IWW_DIS_XX.wav,Moderate
./speech_audio/Moderate/1089_TIE_ANG_XX.wav,Moderate
./speech_audio/Moderate/1087_ITS_FEA_XX.wav,Moderate
./speech_audio/Moderate/1089_IWL_HAP_XX.wav,Moderate
./speech_audio/Moderate/1089_IOM_NEU_XX.wav,Moderate
./speech_audio/Moderate/1040_TAI_NEU_XX.wav,Moderate
./speech_audio/Moderate/1041_IWL_ANG_XX.wav,Moderate
./speech_audio/Moderate/1041_TSI_FEA_XX.wav,Moderate
./speech_audio/Moderate/1042_IEO_HAP_HI.wav,Moderate
./speech_audio/Moderate/1087_IEO_NEU_XX.wav,Moderate
./speech_audio/Moderate/1041_IEO_FEA_LO.wav,Moderate
./speech_audio/Moderate/1087_TIE_SAD_XX.wav,Moderate
./speech_audio/Moderate/1043_IWW_FEA_XX.wav,Moderate
./speech_audio/Moderate/1041_IOM_SAD_XX.wav,Moderate
./speech_audio/Moderate/1089_IEO_FEA_HI.wav,Moderate
./speech_audio/Moderate/1042_TSI_ANG_XX.wav,Moderate
./speech_audio/Moderate/1087_TAI_DIS_XX.wav,Moderate
./speech_audio/Moderate/1042_IWL_FEA_XX.wav,Moderate
./speech_audio/Moderate/1090_IEO_DIS_MD.wav,Moderate
./speech_audio/Moderate/1042_IEO_ANG_LO.wav,Moderate
./speech_audio/Moderate/1044_DFA_NEU_XX.wav,Moderate
./speech_audio/Moderate/1090_ITH_ANG_XX.wav,Moderate
./speech_audio/Moderate/1040_WSI_HAP_XX.wav,Moderate
./speech_audio/Moderate/1043_IWW_DIS_XX.wav,Moderate
./speech_audio/Moderate/1089_IEO_DIS_HI.wav,Moderate
./speech_audio/Moderate/1042_IWL_DIS_XX.wav,Moderate
./speech_audio/Moderate/1087_TAI_FEA_XX.wav,Moderate
./speech_audio/Moderate/1090_IEO_FEA_MD.wav,Moderate
./speech_audio/Moderate/1043_TIE_HAP_XX.wav,Moderate
./speech_audio/Moderate/1041_ITH_NEU_XX.wav,Moderate
./speech_audio/Moderate/1089_ITH_SAD_XX.wav,Moderate
./speech_audio/Moderate/1090_IOM_HAP_XX.wav,Moderate
./speech_audio/Moderate/1087_ITS_DIS_XX.wav,Moderate
./speech_audio/Moderate/1041_TSI_DIS_XX.wav,Moderate
./speech_audio/Moderate/1041_IEO_DIS_LO.wav,Moderate
./speech_audio/Moderate/1087_TIE_FEA_XX.wav,Moderate
./speech_audio/Moderate/1041_IEO_SAD_LO.wav,Moderate
./speech_audio/Moderate/1041_IEO_HAP_MD.wav,Moderate
./speech_audio/Moderate/1041_TSI_SAD_XX.wav,Moderate
./speech_audio/Moderate/1043_TAI_HAP_XX.wav,Moderate
./speech_audio/Moderate/1087_ITS_SAD_XX.wav,Moderate
./speech_audio/Moderate/1042_IOM_ANG_XX.wav,Moderate
./speech_audio/Moderate/1089_IEO_ANG_MD.wav,Moderate
./speech_audio/Moderate/1089_ITH_DIS_XX.wav,Moderate
./speech_audio/Moderate/1043_DFA_NEU_XX.wav,Moderate
./speech_audio/Moderate/1043_WSI_NEU_XX.wav,Moderate
./speech_audio/Moderate/1042_IWL_SAD_XX.wav,Moderate
./speech_audio/Moderate/1043_MTI_NEU_XX.wav,Moderate
./speech_audio/Moderate/1089_IEO_SAD_HI.wav,Moderate
./speech_audio/Moderate/1041_IOM_FEA_XX.wav,Moderate
./speech_audio/Moderate/1089_TSI_NEU_XX.wav,Moderate
./speech_audio/Moderate/1043_IWW_SAD_XX.wav,Moderate
./speech_audio/Moderate/1042_ITH_HAP_XX.wav,Moderate
./speech_audio/Moderate/1040_TIE_NEU_XX.wav,Moderate
./speech_audio/Moderate/1090_IEO_HAP_LO.wav,Moderate
./speech_audio/Moderate/1087_TAI_SAD_XX.wav,Moderate
./speech_audio/Moderate/1090_IEO_SAD_MD.wav,Moderate
./speech_audio/Moderate/1043_ITS_HAP_XX.wav,Moderate
./speech_audio/Moderate/1087_MTI_ANG_XX.wav,Moderate
./speech_audio/Moderate/1041_IOM_DIS_XX.wav,Moderate
./speech_audio/Moderate/1087_TIE_DIS_XX.wav,Moderate
./speech_audio/Moderate/1090_IEO_ANG_HI.wav,Moderate
./speech_audio/Moderate/1089_ITH_FEA_XX.wav,Moderate
./speech_audio/Moderate/1087_IWW_HAP_XX.wav,Moderate
./speech_audio/Moderate/1089_TAI_DIS_XX.wav,Moderate
./speech_audio/Moderate/1042_ITS_HAP_XX.wav,Moderate
./speech_audio/Moderate/1087_IEO_FEA_HI.wav,Moderate
./speech_audio/Moderate/1041_TIE_NEU_XX.wav,Moderate
./speech_audio/Moderate/1043_ITH_HAP_XX.wav,Moderate
./speech_audio/Moderate/1089_TIE_SAD_XX.wav,Moderate
./speech_audio/Moderate/1089_IEO_NEU_XX.wav,Moderate
./speech_audio/Moderate/1087_IOM_NEU_XX.wav,Moderate
./speech_audio/Moderate/1087_IWL_HAP_XX.wav,Moderate
./speech_audio/Moderate/1089_ITS_FEA_XX.wav,Moderate
./speech_audio/Moderate/1090_DFA_FEA_XX.wav,Moderate
./speech_audio/Moderate/1043_IOM_ANG_XX.wav,Moderate
./speech_audio/Moderate/1089_ITS_DIS_XX.wav,Moderate
./speech_audio/Moderate/1044_IEO_HAP_HI.wav,Moderate
./speech_audio/Moderate/1040_TSI_SAD_XX.wav,Moderate
./speech_audio/Moderate/1042_TAI_HAP_XX.wav,Moderate
./speech_audio/Moderate/1087_ITH_SAD_XX.wav,Moderate
./speech_audio/Moderate/1090_DFA_DIS_XX.wav,Moderate
./speech_audio/Moderate/1042_IWW_SAD_XX.wav,Moderate
./speech_audio/Moderate/1089_TAI_FEA_XX.wav,Moderate
./speech_audio/Moderate/1042_MTI_NEU_XX.wav,Moderate
./speech_audio/Moderate/1043_IWL_SAD_XX.wav,Moderate
./speech_audio/Moderate/1042_WSI_NEU_XX.wav,Moderate
./speech_audio/Moderate/1044_IEO_ANG_LO.wav,Moderate
./speech_audio/Moderate/1042_DFA_NEU_XX.wav,Moderate
./speech_audio/Moderate/1042_TIE_HAP_XX.wav,Moderate
./speech_audio/Moderate/1043_IWL_DIS_XX.wav,Moderate
./speech_audio/Moderate/1087_IEO_SAD_HI.wav,Moderate
./speech_audio/Moderate/1041_ITS_NEU_XX.wav,Moderate
./speech_audio/Moderate/1042_IWW_DIS_XX.wav,Moderate
./speech_audio/Moderate/1087_ITH_DIS_XX.wav,Moderate
./speech_audio/Moderate/1090_DFA_SAD_XX.wav,Moderate
./speech_audio/Moderate/1089_ITS_SAD_XX.wav,Moderate
./speech_audio/Moderate/1040_TSI_DIS_XX.wav,Moderate
./speech_audio/Moderate/1089_TIE_FEA_XX.wav,Moderate
./speech_audio/Moderate/1089_IWW_HAP_XX.wav,Moderate
./speech_audio/Moderate/1087_ITH_FEA_XX.wav,Moderate
./speech_audio/Moderate/1040_TSI_FEA_XX.wav,Moderate
./speech_audio/Moderate/1043_IEO_HAP_HI.wav,Moderate
./speech_audio/Moderate/1041_TAI_NEU_XX.wav,Moderate
./speech_audio/Moderate/1089_TIE_DIS_XX.wav,Moderate
./speech_audio/Moderate/1041_IWW_ANG_XX.wav,Moderate
./speech_audio/Moderate/1041_WSI_HAP_XX.wav,Moderate
./speech_audio/Moderate/1041_DFA_HAP_XX.wav,Moderate
./speech_audio/Moderate/1043_IEO_ANG_LO.wav,Moderate
./speech_audio/Moderate/1043_IWL_FEA_XX.wav,Moderate
./speech_audio/Moderate/1089_MTI_ANG_XX.wav,Moderate
./speech_audio/Moderate/1043_TSI_ANG_XX.wav,Moderate
./speech_audio/Moderate/1089_TAI_SAD_XX.wav,Moderate
./speech_audio/Moderate/1041_MTI_HAP_XX.wav,Moderate
./speech_audio/Moderate/1042_IWW_FEA_XX.wav,Moderate
./speech_audio/Moderate/1089_DFA_ANG_XX.wav,Moderate
./speech_audio/Moderate/1089_WSI_ANG_XX.wav,Moderate
./speech_audio/Confident/1095_part31.wav,Confident
./speech_audio/Confident/1095_part25.wav,Confident
./speech_audio/Confident/1054_part194.wav,Confident
./speech_audio/Confident/1054_part73.wav,Confident
./speech_audio/Confident/1054_part67.wav,Confident
./speech_audio/Confident/1054_part157.wav,Confident
./speech_audio/Confident/103_part345.wav,Confident
./speech_audio/Confident/1010_part71.wav,Confident
./speech_audio/Confident/1010_part65.wav,Confident
./speech_audio/Confident/1185_part144.wav,Confident
./speech_audio/Confident/103_part190.wav,Confident
./speech_audio/Confident/1010_part59.wav,Confident
./speech_audio/Confident/1152_part80.wav,Confident
./speech_audio/Confident/1152_part94.wav,Confident
./speech_audio/Confident/1095_part213.wav,Confident
./speech_audio/Confident/1010_part108.wav,Confident
./speech_audio/Confident/103_part147.wav,Confident
./speech_audio/Confident/1010_part134.wav,Confident
./speech_audio/Confident/1054_part221.wav,Confident
./speech_audio/Confident/1070_part133.wav,Confident
./speech_audio/Confident/1152_part113.wav,Confident
./speech_audio/Confident/1070_part127.wav,Confident
./speech_audio/Confident/103_part219.wav,Confident
./speech_audio/Confident/103_part21.wav,Confident
./speech_audio/Confident/1095_part171.wav,Confident
./speech_audio/Confident/1095_part165.wav,Confident
./speech_audio/Confident/1152_part4.wav,Confident
./speech_audio/Confident/103_part35.wav,Confident
./speech_audio/Confident/103_part225.wav,Confident
./speech_audio/Confident/1095_part159.wav,Confident
./speech_audio/Confident/1095_part158.wav,Confident
./speech_audio/Confident/103_part224.wav,Confident
./speech_audio/Confident/1095_part164.wav,Confident
./speech_audio/Confident/103_part34.wav,Confident
./speech_audio/Confident/1152_part5.wav,Confident
./speech_audio/Confident/103_part20.wav,Confident
./speech_audio/Confident/103_part218.wav,Confident
./speech_audio/Confident/1095_part170.wav,Confident
./speech_audio/Confident/1070_part132.wav,Confident
./speech_audio/Confident/1054_part220.wav,Confident
./speech_audio/Confident/103_part146.wav,Confident
./speech_audio/Confident/1010_part135.wav,Confident
./speech_audio/Confident/1010_part109.wav,Confident
./speech_audio/Confident/1095_part212.wav,Confident
./speech_audio/Confident/1152_part81.wav,Confident
./speech_audio/Confident/1010_part58.wav,Confident
./speech_audio/Confident/103_part191.wav,Confident
./speech_audio/Confident/1185_part145.wav,Confident
./speech_audio/Confident/1010_part64.wav,Confident
./speech_audio/Confident/1010_part70.wav,Confident
./speech_audio/Confident/103_part344.wav,Confident
./speech_audio/Confident/1185_part71.wav,Confident
./speech_audio/Confident/1054_part72.wav,Confident
./speech_audio/Confident/1054_part195.wav,Confident
./speech_audio/Confident/1095_part24.wav,Confident
./speech_audio/Confident/1054_part181.wav,Confident
./speech_audio/Confident/1095_part30.wav,Confident
./speech_audio/Confident/1095_part26.wav,Confident
./speech_audio/Confident/1054_part197.wav,Confident
./speech_audio/Confident/1095_part32.wav,Confident
./speech_audio/Confident/1054_part183.wav,Confident
./speech_audio/Confident/1185_part73.wav,Confident
./speech_audio/Confident/1054_part70.wav,Confident
./speech_audio/Confident/1185_part98.wav,Confident
./speech_audio/Confident/103_part346.wav,Confident
./speech_audio/Confident/1010_part66.wav,Confident
./speech_audio/Confident/1152_part40.wav,Confident
./speech_audio/Confident/1010_part72.wav,Confident
./speech_audio/Confident/1152_part68.wav,Confident
./speech_audio/Confident/103_part187.wav,Confident
./speech_audio/Confident/1185_part147.wav,Confident
./speech_audio/Confident/1095_part210.wav,Confident
./speech_audio/Confident/1152_part83.wav,Confident
./speech_audio/Confident/1010_part137.wav,Confident
./speech_audio/Confident/1010_part99.wav,Confident
./speech_audio/Confident/103_part144.wav,Confident
./speech_audio/Confident/103_part150.wav,Confident
./speech_audio/Confident/1054_part222.wav,Confident
./speech_audio/Confident/1152_part138.wav,Confident
./speech_audio/Confident/1070_part130.wav,Confident
./speech_audio/Confident/1152_part7.wav,Confident
./speech_audio/Confident/103_part36.wav,Confident
./speech_audio/Confident/1095_part166.wav,Confident
./speech_audio/Confident/1095_part172.wav,Confident
./speech_audio/Confident/103_part22.wav,Confident
./speech_audio/Confident/1070_part38.wav,Confident
./speech_audio/Confident/103_part226.wav,Confident
./speech_audio/Confident/1070_part39.wav,Confident
./speech_audio/Confident/103_part227.wav,Confident
./speech_audio/Confident/1095_part173.wav,Confident
./speech_audio/Confident/103_part23.wav,Confident
./speech_audio/Confident/103_part37.wav,Confident
./speech_audio/Confident/1152_part6.wav,Confident
./speech_audio/Confident/1095_part167.wav,Confident
./speech_audio/Confident/1070_part131.wav,Confident
./speech_audio/Confident/1152_part139.wav,Confident
./speech_audio/Confident/1010_part136.wav,Confident
./speech_audio/Confident/103_part145.wav,Confident
./speech_audio/Confident/1010_part98.wav,Confident
./speech_audio/Confident/1152_part82.wav,Confident
./speech_audio/Confident/1095_part211.wav,Confident
./speech_audio/Confident/103_part192.wav,Confident
./speech_audio/Confident/1185_part146.wav,Confident
./speech_audio/Confident/1152_part69.wav,Confident
./speech_audio/Confident/1010_part73.wav,Confident
./speech_audio/Confident/1010_part67.wav,Confident
./speech_audio/Confident/103_part347.wav,Confident
./speech_audio/Confident/1185_part99.wav,Confident
./speech_audio/Confident/1054_part71.wav,Confident
./speech_audio/Confident/1185_part72.wav,Confident
./speech_audio/Confident/1054_part182.wav,Confident
./speech_audio/Confident/1095_part33.wav,Confident
./speech_audio/Confident/1054_part196.wav,Confident
./speech_audio/Confident/1095_part27.wav,Confident
./speech_audio/Confident/1185_part76.wav,Confident
./speech_audio/Confident/1054_part75.wav,Confident
./speech_audio/Confident/1054_part192.wav,Confident
./speech_audio/Confident/1095_part23.wav,Confident
./speech_audio/Confident/1054_part186.wav,Confident
./speech_audio/Confident/1095_part37.wav,Confident
./speech_audio/Confident/103_part343.wav,Confident
./speech_audio/Confident/1185_part89.wav,Confident
./speech_audio/Confident/1185_part142.wav,Confident
./speech_audio/Confident/1152_part79.wav,Confident
./speech_audio/Confident/1010_part63.wav,Confident
./speech_audio/Confident/103_part141.wav,Confident
./speech_audio/Confident/1152_part92.wav,Confident
./speech_audio/Confident/1095_part215.wav,Confident
./speech_audio/Confident/1152_part86.wav,Confident
./speech_audio/Confident/103_part169.wav,Confident
./speech_audio/Confident/1070_part135.wav,Confident
./speech_audio/Confident/1152_part115.wav,Confident
./speech_audio/Confident/1095_part188.wav,Confident
./speech_audio/Confident/1070_part29.wav,Confident
./speech_audio/Confident/103_part223.wav,Confident
./speech_audio/Confident/1095_part163.wav,Confident
./speech_audio/Confident/103_part33.wav,Confident
./speech_audio/Confident/1152_part2.wav,Confident
./speech_audio/Confident/1095_part177.wav,Confident
./speech_audio/Confident/1095_part176.wav,Confident
./speech_audio/Confident/1095_part162.wav,Confident
./speech_audio/Confident/1152_part3.wav,Confident
./speech_audio/Confident/103_part32.wav,Confident
./speech_audio/Confident/103_part222.wav,Confident
./speech_audio/Confident/1070_part28.wav,Confident
./speech_audio/Confident/1095_part189.wav,Confident
./speech_audio/Confident/1152_part114.wav,Confident
./speech_audio/Confident/1070_part134.wav,Confident
./speech_audio/Confident/103_part168.wav,Confident
./speech_audio/Confident/1152_part87.wav,Confident
./speech_audio/Confident/1152_part93.wav,Confident
./speech_audio/Confident/1095_part214.wav,Confident
./speech_audio/Confident/103_part140.wav,Confident
./speech_audio/Confident/1010_part62.wav,Confident
./speech_audio/Confident/1152_part78.wav,Confident
./speech_audio/Confident/1185_part143.wav,Confident
./speech_audio/Confident/1185_part88.wav,Confident
./speech_audio/Confident/103_part342.wav,Confident
./speech_audio/Confident/1095_part36.wav,Confident
./speech_audio/Confident/1054_part187.wav,Confident
./speech_audio/Confident/1095_part22.wav,Confident
./speech_audio/Confident/1054_part193.wav,Confident
./speech_audio/Confident/1054_part74.wav,Confident
./speech_audio/Confident/1185_part77.wav,Confident
./speech_audio/Confident/1054_part76.wav,Confident
./speech_audio/Confident/1185_part75.wav,Confident
./speech_audio/Confident/1054_part185.wav,Confident
./speech_audio/Confident/1095_part34.wav,Confident
./speech_audio/Confident/1054_part191.wav,Confident
./speech_audio/Confident/103_part340.wav,Confident
./speech_audio/Confident/1185_part141.wav,Confident
./speech_audio/Confident/1010_part60.wav,Confident
./speech_audio/Confident/103_part142.wav,Confident
./speech_audio/Confident/1152_part85.wav,Confident
./speech_audio/Confident/1152_part91.wav,Confident
./speech_audio/Confident/1070_part136.wav,Confident
./speech_audio/Confident/1152_part116.wav,Confident
./speech_audio/Confident/1054_part218.wav,Confident
./speech_audio/Confident/1095_part148.wav,Confident
./speech_audio/Confident/103_part220.wav,Confident
./speech_audio/Confident/1095_part174.wav,Confident
./speech_audio/Confident/103_part24.wav,Confident
./speech_audio/Confident/103_part30.wav,Confident
./speech_audio/Confident/1152_part1.wav,Confident
./speech_audio/Confident/1095_part160.wav,Confident
./speech_audio/Confident/103_part31.wav,Confident
./speech_audio/Confident/1095_part161.wav,Confident
./speech_audio/Confident/1095_part175.wav,Confident
./speech_audio/Confident/1095_part149.wav,Confident
./speech_audio/Confident/103_part19.wav,Confident
./speech_audio/Confident/103_part221.wav,Confident
./speech_audio/Confident/1054_part219.wav,Confident
./speech_audio/Confident/1152_part117.wav,Confident
./speech_audio/Confident/1070_part137.wav,Confident
./speech_audio/Confident/1152_part90.wav,Confident
./speech_audio/Confident/1152_part84.wav,Confident
./speech_audio/Confident/103_part143.wav,Confident
./speech_audio/Confident/1010_part61.wav,Confident
./speech_audio/Confident/1185_part168.wav,Confident
./speech_audio/Confident/1185_part140.wav,Confident
./speech_audio/Confident/103_part341.wav,Confident
./speech_audio/Confident/1054_part190.wav,Confident
./speech_audio/Confident/1095_part35.wav,Confident
./speech_audio/Confident/1054_part184.wav,Confident
./speech_audio/Confident/1185_part74.wav,Confident
./speech_audio/Confident/1054_part77.wav,Confident
./speech_audio/Confident/1095_part52.wav,Confident
./speech_audio/Confident/1095_part2.wav,Confident
./speech_audio/Confident/1095_part46.wav,Confident
./speech_audio/Confident/1054_part38.wav,Confident
./speech_audio/Confident/1054_part10.wav,Confident
./speech_audio/Confident/1054_part120.wav,Confident
./speech_audio/Confident/103_part332.wav,Confident
./speech_audio/Confident/1152_part206.wav,Confident
./speech_audio/Confident/1152_part212.wav,Confident
./speech_audio/Confident/1054_part108.wav,Confident
./speech_audio/Confident/1010_part12.wav,Confident
./speech_audio/Confident/1152_part20.wav,Confident
./speech_audio/Confident/1185_part127.wav,Confident
./speech_audio/Confident/1185_part133.wav,Confident
./speech_audio/Confident/103_part118.wav,Confident
./speech_audio/Confident/103_part95.wav,Confident
./speech_audio/Confident/103_part285.wav,Confident
./speech_audio/Confident/1095_part112.wav,Confident
./speech_audio/Confident/103_part42.wav,Confident
./speech_audio/Confident/103_part56.wav,Confident
./speech_audio/Confident/103_part246.wav,Confident
./speech_audio/Confident/103_part57.wav,Confident
./speech_audio/Confident/1095_part113.wav,Confident
./speech_audio/Confident/103_part284.wav,Confident
./speech_audio/Confident/103_part94.wav,Confident
./speech_audio/Confident/103_part119.wav,Confident
./speech_audio/Confident/1185_part132.wav,Confident
./speech_audio/Confident/1185_part126.wav,Confident
./speech_audio/Confident/1152_part35.wav,Confident
./speech_audio/Confident/1152_part21.wav,Confident
./speech_audio/Confident/1010_part13.wav,Confident
./speech_audio/Confident/1152_part213.wav,Confident
./speech_audio/Confident/1054_part109.wav,Confident
./speech_audio/Confident/1152_part207.wav,Confident
./speech_audio/Confident/103_part333.wav,Confident
./speech_audio/Confident/1054_part121.wav,Confident
./speech_audio/Confident/1054_part11.wav,Confident
./speech_audio/Confident/1054_part39.wav,Confident
./speech_audio/Confident/1095_part47.wav,Confident
./speech_audio/Confident/1095_part53.wav,Confident
./speech_audio/Confident/1095_part3.wav,Confident
./speech_audio/Confident/1185_part1.wav,Confident
./speech_audio/Confident/1095_part45.wav,Confident
./speech_audio/Confident/1185_part3.wav,Confident
./speech_audio/Confident/1095_part1.wav,Confident
./speech_audio/Confident/1095_part51.wav,Confident
./speech_audio/Confident/1185_part10.wav,Confident
./speech_audio/Confident/1054_part13.wav,Confident
./speech_audio/Confident/1054_part123.wav,Confident
./speech_audio/Confident/1152_part211.wav,Confident
./speech_audio/Confident/103_part331.wav,Confident
./speech_audio/Confident/1152_part205.wav,Confident
./speech_audio/Confident/1152_part37.wav,Confident
./speech_audio/Confident/1185_part118.wav,Confident
./speech_audio/Confident/1010_part11.wav,Confident
./speech_audio/Confident/1185_part130.wav,Confident
./speech_audio/Confident/1185_part124.wav,Confident
./speech_audio/Confident/103_part133.wav,Confident
./speech_audio/Confident/1010_part8.wav,Confident
./speech_audio/Confident/1152_part198.wav,Confident
./speech_audio/Confident/1152_part173.wav,Confident
./speech_audio/Confident/103_part96.wav,Confident
./speech_audio/Confident/103_part286.wav,Confident
./speech_audio/Confident/1070_part73.wav,Confident
./speech_audio/Confident/103_part55.wav,Confident
./speech_audio/Confident/103_part41.wav,Confident
./speech_audio/Confident/1095_part139.wav,Confident
./speech_audio/Confident/103_part245.wav,Confident
./speech_audio/Confident/103_part244.wav,Confident
./speech_audio/Confident/1095_part138.wav,Confident
./speech_audio/Confident/103_part40.wav,Confident
./speech_audio/Confident/103_part287.wav,Confident
./speech_audio/Confident/1152_part199.wav,Confident
./speech_audio/Confident/1010_part9.wav,Confident
./speech_audio/Confident/1185_part125.wav,Confident
./speech_audio/Confident/1185_part131.wav,Confident
./speech_audio/Confident/1152_part22.wav,Confident
./speech_audio/Confident/1010_part10.wav,Confident
./speech_audio/Confident/1185_part119.wav,Confident
./speech_audio/Confident/1152_part36.wav,Confident
./speech_audio/Confident/1152_part204.wav,Confident
./speech_audio/Confident/1152_part210.wav,Confident
./speech_audio/Confident/1054_part122.wav,Confident
./speech_audio/Confident/1054_part12.wav,Confident
./speech_audio/Confident/1185_part2.wav,Confident
./speech_audio/Confident/1095_part50.wav,Confident
./speech_audio/Confident/1095_part44.wav,Confident
./speech_audio/Confident/1054_part16.wav,Confident
./speech_audio/Confident/1095_part40.wav,Confident
./speech_audio/Confident/1095_part54.wav,Confident
./speech_audio/Confident/1185_part6.wav,Confident
./speech_audio/Confident/1095_part4.wav,Confident
./speech_audio/Confident/1152_part214.wav,Confident
./speech_audio/Confident/103_part334.wav,Confident
./speech_audio/Confident/1152_part200.wav,Confident
./speech_audio/Confident/1054_part126.wav,Confident
./speech_audio/Confident/1185_part135.wav,Confident
./speech_audio/Confident/1010_part28.wav,Confident
./speech_audio/Confident/1185_part121.wav,Confident
./speech_audio/Confident/1185_part109.wav,Confident
./speech_audio/Confident/1010_part14.wav,Confident
./speech_audio/Confident/103_part136.wav,Confident
./speech_audio/Confident/1152_part189.wav,Confident
./speech_audio/Confident/1152_part176.wav,Confident
./speech_audio/Confident/1070_part89.wav,Confident
./speech_audio/Confident/1054_part8.wav,Confident
./speech_audio/Confident/103_part283.wav,Confident
./speech_audio/Confident/103_part93.wav,Confident
./speech_audio/Confident/1095_part128.wav,Confident
./speech_audio/Confident/1070_part76.wav,Confident
./speech_audio/Confident/1095_part114.wav,Confident
./speech_audio/Confident/1095_part115.wav,Confident
./speech_audio/Confident/1070_part77.wav,Confident
./speech_audio/Confident/1095_part129.wav,Confident
./speech_audio/Confident/103_part241.wav,Confident
./speech_audio/Confident/103_part92.wav,Confident
./speech_audio/Confident/1054_part9.wav,Confident
./speech_audio/Confident/1070_part88.wav,Confident
./speech_audio/Confident/1152_part177.wav,Confident
./speech_audio/Confident/1152_part188.wav,Confident
./speech_audio/Confident/103_part137.wav,Confident
./speech_audio/Confident/1010_part15.wav,Confident
./speech_audio/Confident/1185_part108.wav,Confident
./speech_audio/Confident/1185_part120.wav,Confident
./speech_audio/Confident/1010_part29.wav,Confident
./speech_audio/Confident/1185_part134.wav,Confident
./speech_audio/Confident/1152_part201.wav,Confident
./speech_audio/Confident/103_part335.wav,Confident
./speech_audio/Confident/1152_part215.wav,Confident
./speech_audio/Confident/1095_part55.wav,Confident
./speech_audio/Confident/1095_part5.wav,Confident
./speech_audio/Confident/1185_part7.wav,Confident
./speech_audio/Confident/1095_part41.wav,Confident
./speech_audio/Confident/1185_part28.wav,Confident
./speech_audio/Confident/1054_part17.wav,Confident
./speech_audio/Confident/1054_part15.wav,Confident
./speech_audio/Confident/1185_part5.wav,Confident
./speech_audio/Confident/1095_part7.wav,Confident
./speech_audio/Confident/1054_part29.wav,Confident
./speech_audio/Confident/1095_part57.wav,Confident
./speech_audio/Confident/1095_part43.wav,Confident
./speech_audio/Confident/103_part337.wav,Confident
./speech_audio/Confident/1152_part203.wav,Confident
./speech_audio/Confident/1054_part119.wav,Confident
./speech_audio/Confident/1152_part217.wav,Confident
./speech_audio/Confident/1054_part125.wav,Confident
./speech_audio/Confident/1152_part19.wav,Confident
./speech_audio/Confident/1185_part122.wav,Confident
./speech_audio/Confident/1185_part136.wav,Confident
./speech_audio/Confident/1010_part17.wav,Confident
./speech_audio/Confident/103_part135.wav,Confident
./speech_audio/Confident/103_part109.wav,Confident
./speech_audio/Confident/1152_part175.wav,Confident
./speech_audio/Confident/1070_part169.wav,Confident
./speech_audio/Confident/103_part243.wav,Confident
./speech_audio/Confident/1070_part49.wav,Confident
./speech_audio/Confident/1095_part117.wav,Confident
./speech_audio/Confident/1070_part75.wav,Confident
./speech_audio/Confident/1070_part74.wav,Confident
./speech_audio/Confident/1095_part116.wav,Confident
./speech_audio/Confident/1070_part48.wav,Confident
./speech_audio/Confident/103_part242.wav,Confident
./speech_audio/Confident/103_part91.wav,Confident
./speech_audio/Confident/1152_part148.wav,Confident
./speech_audio/Confident/1070_part168.wav,Confident
./speech_audio/Confident/1152_part174.wav,Confident
./speech_audio/Confident/103_part120.wav,Confident
./speech_audio/Confident/103_part134.wav,Confident
./speech_audio/Confident/1010_part16.wav,Confident
./speech_audio/Confident/1185_part137.wav,Confident
./speech_audio/Confident/1185_part123.wav,Confident
./speech_audio/Confident/1152_part18.wav,Confident
./speech_audio/Confident/1054_part124.wav,Confident
./speech_audio/Confident/1152_part216.wav,Confident
./speech_audio/Confident/1152_part202.wav,Confident
./speech_audio/Confident/103_part336.wav,Confident
./speech_audio/Confident/1054_part118.wav,Confident
./speech_audio/Confident/1095_part42.wav,Confident
./speech_audio/Confident/1095_part6.wav,Confident
./speech_audio/Confident/1185_part4.wav,Confident
./speech_audio/Confident/1095_part56.wav,Confident
./speech_audio/Confident/1054_part28.wav,Confident
./speech_audio/Confident/1054_part14.wav,Confident
./speech_audio/Confident/1054_part19.wav,Confident
./speech_audio/Confident/1054_part31.wav,Confident
./speech_audio/Confident/1185_part26.wav,Confident
./speech_audio/Confident/1185_part9.wav,Confident
./speech_audio/Confident/1054_part25.wav,Confident
./speech_audio/Confident/1054_part115.wav,Confident
./speech_audio/Confident/1010_part27.wav,Confident
./speech_audio/Confident/1152_part15.wav,Confident
./speech_audio/Confident/1185_part106.wav,Confident
./speech_audio/Confident/1185_part112.wav,Confident
./speech_audio/Confident/103_part139.wav,Confident
./speech_audio/Confident/103_part111.wav,Confident
./speech_audio/Confident/1152_part192.wav,Confident
./speech_audio/Confident/1010_part2.wav,Confident
./speech_audio/Confident/1152_part186.wav,Confident
./speech_audio/Confident/1152_part179.wav,Confident
./speech_audio/Confident/1070_part171.wav,Confident
./speech_audio/Confident/1152_part145.wav,Confident
./speech_audio/Confident/1070_part165.wav,Confident
./speech_audio/Confident/1070_part86.wav,Confident
./speech_audio/Confident/1054_part7.wav,Confident
./speech_audio/Confident/1095_part133.wav,Confident
./speech_audio/Confident/1070_part45.wav,Confident
./speech_audio/Confident/1095_part127.wav,Confident
./speech_audio/Confident/1070_part51.wav,Confident
./speech_audio/Confident/1070_part79.wav,Confident
./speech_audio/Confident/1070_part78.wav,Confident
./speech_audio/Confident/1070_part50.wav,Confident
./speech_audio/Confident/1095_part126.wav,Confident
./speech_audio/Confident/1070_part44.wav,Confident
./speech_audio/Confident/1095_part132.wav,Confident
./speech_audio/Confident/1070_part87.wav,Confident
./speech_audio/Confident/1070_part164.wav,Confident
./speech_audio/Confident/1152_part144.wav,Confident
./speech_audio/Confident/1070_part170.wav,Confident
./speech_audio/Confident/1152_part178.wav,Confident
./speech_audio/Confident/1152_part187.wav,Confident
./speech_audio/Confident/1010_part3.wav,Confident
./speech_audio/Confident/1152_part193.wav,Confident
./speech_audio/Confident/103_part110.wav,Confident
./speech_audio/Confident/103_part138.wav,Confident
./speech_audio/Confident/1185_part113.wav,Confident
./speech_audio/Confident/1185_part107.wav,Confident
./speech_audio/Confident/1152_part14.wav,Confident
./speech_audio/Confident/1010_part26.wav,Confident
./speech_audio/Confident/103_part306.wav,Confident
./speech_audio/Confident/1054_part114.wav,Confident
./speech_audio/Confident/1185_part8.wav,Confident
./speech_audio/Confident/1054_part24.wav,Confident
./speech_audio/Confident/1185_part27.wav,Confident
./speech_audio/Confident/1054_part30.wav,Confident
./speech_audio/Confident/1054_part18.wav,Confident
./speech_audio/Confident/1054_part26.wav,Confident
./speech_audio/Confident/1095_part8.wav,Confident
./speech_audio/Confident/1054_part32.wav,Confident
./speech_audio/Confident/1185_part25.wav,Confident
./speech_audio/Confident/1054_part116.wav,Confident
./speech_audio/Confident/103_part338.wav,Confident
./speech_audio/Confident/1152_part218.wav,Confident
./speech_audio/Confident/103_part304.wav,Confident
./speech_audio/Confident/1152_part16.wav,Confident
./speech_audio/Confident/1185_part139.wav,Confident
./speech_audio/Confident/1010_part30.wav,Confident
./speech_audio/Confident/1010_part18.wav,Confident
./speech_audio/Confident/1185_part111.wav,Confident
./speech_audio/Confident/1185_part105.wav,Confident
./speech_audio/Confident/103_part112.wav,Confident
./speech_audio/Confident/1152_part185.wav,Confident
./speech_audio/Confident/1152_part191.wav,Confident
./speech_audio/Confident/1010_part1.wav,Confident
./speech_audio/Confident/1152_part146.wav,Confident
./speech_audio/Confident/1070_part166.wav,Confident
./speech_audio/Confident/1070_part85.wav,Confident
./speech_audio/Confident/1095_part124.wav,Confident
./speech_audio/Confident/1070_part52.wav,Confident
./speech_audio/Confident/103_part60.wav,Confident
./speech_audio/Confident/1095_part130.wav,Confident
./speech_audio/Confident/1070_part46.wav,Confident
./speech_audio/Confident/1095_part118.wav,Confident
./speech_audio/Confident/103_part264.wav,Confident
./speech_audio/Confident/1095_part119.wav,Confident
./speech_audio/Confident/103_part259.wav,Confident
./speech_audio/Confident/1070_part47.wav,Confident
./speech_audio/Confident/1095_part131.wav,Confident
./speech_audio/Confident/1070_part53.wav,Confident
./speech_audio/Confident/1095_part125.wav,Confident
./speech_audio/Confident/1070_part84.wav,Confident
./speech_audio/Confident/1070_part90.wav,Confident
./speech_audio/Confident/1070_part167.wav,Confident
./speech_audio/Confident/1152_part147.wav,Confident
./speech_audio/Confident/1152_part190.wav,Confident
./speech_audio/Confident/1152_part184.wav,Confident
./speech_audio/Confident/103_part113.wav,Confident
./speech_audio/Confident/1185_part104.wav,Confident
./speech_audio/Confident/1185_part110.wav,Confident
./speech_audio/Confident/1010_part19.wav,Confident
./speech_audio/Confident/1010_part31.wav,Confident
./speech_audio/Confident/1185_part138.wav,Confident
./speech_audio/Confident/1152_part17.wav,Confident
./speech_audio/Confident/103_part305.wav,Confident
./speech_audio/Confident/1152_part219.wav,Confident
./speech_audio/Confident/1054_part103.wav,Confident
./speech_audio/Confident/1054_part117.wav,Confident
./speech_audio/Confident/103_part339.wav,Confident
./speech_audio/Confident/1185_part24.wav,Confident
./speech_audio/Confident/1054_part33.wav,Confident
./speech_audio/Confident/1054_part27.wav,Confident
./speech_audio/Confident/1095_part9.wav,Confident
./speech_audio/Confident/1054_part23.wav,Confident
./speech_audio/Confident/1054_part37.wav,Confident
./speech_audio/Confident/1095_part49.wav,Confident
./speech_audio/Confident/103_part301.wav,Confident
./speech_audio/Confident/1152_part221.wav,Confident
./speech_audio/Confident/1152_part209.wav,Confident
./speech_audio/Confident/1054_part113.wav,Confident
./speech_audio/Confident/1054_part107.wav,Confident
./speech_audio/Confident/1185_part114.wav,Confident
./speech_audio/Confident/1185_part100.wav,Confident
./speech_audio/Confident/1185_part128.wav,Confident
./speech_audio/Confident/1152_part13.wav,Confident
./speech_audio/Confident/103_part117.wav,Confident
./speech_audio/Confident/1152_part180.wav,Confident
./speech_audio/Confident/1152_part194.wav,Confident
./speech_audio/Confident/1010_part4.wav,Confident
./speech_audio/Confident/1152_part143.wav,Confident
./speech_audio/Confident/1070_part163.wav,Confident
./speech_audio/Confident/1070_part80.wav,Confident
./speech_audio/Confident/103_part261.wav,Confident
./speech_audio/Confident/103_part59.wav,Confident
./speech_audio/Confident/1095_part121.wav,Confident
./speech_audio/Confident/1095_part135.wav,Confident
./speech_audio/Confident/1070_part43.wav,Confident
./speech_audio/Confident/1070_part42.wav,Confident
./speech_audio/Confident/1095_part134.wav,Confident
./speech_audio/Confident/1095_part120.wav,Confident
./speech_audio/Confident/103_part58.wav,Confident
./speech_audio/Confident/103_part260.wav,Confident
./speech_audio/Confident/1070_part81.wav,Confident
./speech_audio/Confident/1152_part142.wav,Confident
./speech_audio/Confident/1010_part5.wav,Confident
./speech_audio/Confident/1152_part195.wav,Confident
./speech_audio/Confident/1152_part181.wav,Confident
./speech_audio/Confident/103_part116.wav,Confident
./speech_audio/Confident/1152_part12.wav,Confident
./speech_audio/Confident/1185_part129.wav,Confident
./speech_audio/Confident/1185_part101.wav,Confident
./speech_audio/Confident/1185_part115.wav,Confident
./speech_audio/Confident/1054_part106.wav,Confident
./speech_audio/Confident/1152_part208.wav,Confident
./speech_audio/Confident/1054_part112.wav,Confident
./speech_audio/Confident/1152_part220.wav,Confident
./speech_audio/Confident/1095_part48.wav,Confident
./speech_audio/Confident/1054_part36.wav,Confident
./speech_audio/Confident/1054_part22.wav,Confident
./speech_audio/Confident/1054_part34.wav,Confident
./speech_audio/Confident/1185_part23.wav,Confident
./speech_audio/Confident/1054_part20.wav,Confident
./speech_audio/Confident/1152_part222.wav,Confident
./speech_audio/Confident/103_part302.wav,Confident
./speech_audio/Confident/1054_part104.wav,Confident
./speech_audio/Confident/1054_part110.wav,Confident
./speech_audio/Confident/1185_part103.wav,Confident
./speech_audio/Confident/1152_part38.wav,Confident
./speech_audio/Confident/1185_part117.wav,Confident
./speech_audio/Confident/1152_part10.wav,Confident
./speech_audio/Confident/103_part114.wav,Confident
./speech_audio/Confident/1152_part197.wav,Confident
./speech_audio/Confident/1010_part7.wav,Confident
./speech_audio/Confident/1152_part183.wav,Confident
./speech_audio/Confident/1152_part140.wav,Confident
./speech_audio/Confident/1070_part83.wav,Confident
./speech_audio/Confident/103_part262.wav,Confident
./speech_audio/Confident/1095_part136.wav,Confident
./speech_audio/Confident/1070_part40.wav,Confident
./speech_audio/Confident/1095_part122.wav,Confident
./speech_audio/Confident/1070_part54.wav,Confident
./speech_audio/Confident/1095_part123.wav,Confident
./speech_audio/Confident/1070_part41.wav,Confident
./speech_audio/Confident/1095_part137.wav,Confident
./speech_audio/Confident/103_part263.wav,Confident
./speech_audio/Confident/103_part288.wav,Confident
./speech_audio/Confident/1070_part82.wav,Confident
./speech_audio/Confident/1152_part141.wav,Confident
./speech_audio/Confident/1152_part182.wav,Confident
./speech_audio/Confident/1010_part6.wav,Confident
./speech_audio/Confident/1152_part196.wav,Confident
./speech_audio/Confident/103_part115.wav,Confident
./speech_audio/Confident/1152_part11.wav,Confident
./speech_audio/Confident/1185_part116.wav,Confident
./speech_audio/Confident/1152_part39.wav,Confident
./speech_audio/Confident/1185_part102.wav,Confident
./speech_audio/Confident/1054_part111.wav,Confident
./speech_audio/Confident/1054_part105.wav,Confident
./speech_audio/Confident/103_part303.wav,Confident
./speech_audio/Confident/1054_part21.wav,Confident
./speech_audio/Confident/1054_part35.wav,Confident
./speech_audio/Confident/1185_part79.wav,Confident
./speech_audio/Confident/1095_part38.wav,Confident
./speech_audio/Confident/1054_part189.wav,Confident
./speech_audio/Confident/1054_part162.wav,Confident
./speech_audio/Confident/1185_part86.wav,Confident
./speech_audio/Confident/1185_part92.wav,Confident
./speech_audio/Confident/1010_part50.wav,Confident
./speech_audio/Confident/1152_part76.wav,Confident
./speech_audio/Confident/1185_part165.wav,Confident
./speech_audio/Confident/1010_part93.wav,Confident
./speech_audio/Confident/1010_part101.wav,Confident
./speech_audio/Confident/103_part172.wav,Confident
./speech_audio/Confident/1152_part89.wav,Confident
./speech_audio/Confident/103_part166.wav,Confident
./speech_audio/Confident/1010_part115.wav,Confident
./speech_audio/Confident/1054_part214.wav,Confident
./speech_audio/Confident/1152_part132.wav,Confident
./speech_audio/Confident/1095_part187.wav,Confident
./speech_audio/Confident/1095_part150.wav,Confident
./speech_audio/Confident/1070_part26.wav,Confident
./speech_audio/Confident/1095_part144.wav,Confident
./speech_audio/Confident/1070_part32.wav,Confident
./speech_audio/Confident/1095_part178.wav,Confident
./speech_audio/Confident/1095_part179.wav,Confident
./speech_audio/Confident/1070_part33.wav,Confident
./speech_audio/Confident/1095_part145.wav,Confident
./speech_audio/Confident/1070_part27.wav,Confident
./speech_audio/Confident/1095_part151.wav,Confident
./speech_audio/Confident/1095_part186.wav,Confident
./speech_audio/Confident/1152_part133.wav,Confident
./speech_audio/Confident/1054_part215.wav,Confident
./speech_audio/Confident/103_part167.wav,Confident
./speech_audio/Confident/1152_part88.wav,Confident
./speech_audio/Confident/1010_part114.wav,Confident
./speech_audio/Confident/1010_part100.wav,Confident
./speech_audio/Confident/103_part173.wav,Confident
./speech_audio/Confident/1010_part92.wav,Confident
./speech_audio/Confident/1185_part164.wav,Confident
./speech_audio/Confident/1152_part77.wav,Confident
./speech_audio/Confident/1010_part51.wav,Confident
./speech_audio/Confident/1185_part93.wav,Confident
./speech_audio/Confident/1185_part87.wav,Confident
./speech_audio/Confident/1054_part188.wav,Confident
./speech_audio/Confident/1095_part39.wav,Confident
./speech_audio/Confident/1185_part78.wav,Confident
./speech_audio/Confident/1054_part161.wav,Confident
./speech_audio/Confident/1185_part91.wav,Confident
./speech_audio/Confident/1185_part85.wav,Confident
./speech_audio/Confident/103_part373.wav,Confident
./speech_audio/Confident/1152_part75.wav,Confident
./speech_audio/Confident/1010_part53.wav,Confident
./speech_audio/Confident/1185_part166.wav,Confident
./speech_audio/Confident/103_part165.wav,Confident
./speech_audio/Confident/103_part171.wav,Confident
./speech_audio/Confident/1010_part102.wav,Confident
./speech_audio/Confident/1054_part217.wav,Confident
./speech_audio/Confident/1152_part131.wav,Confident
./speech_audio/Confident/1095_part184.wav,Confident
./speech_audio/Confident/1095_part147.wav,Confident
./speech_audio/Confident/1070_part31.wav,Confident
./speech_audio/Confident/1095_part153.wav,Confident
./speech_audio/Confident/1070_part25.wav,Confident
./speech_audio/Confident/1095_part152.wav,Confident
./speech_audio/Confident/1070_part30.wav,Confident
./speech_audio/Confident/1095_part146.wav,Confident
./speech_audio/Confident/1095_part185.wav,Confident
./speech_audio/Confident/1054_part216.wav,Confident
./speech_audio/Confident/1070_part138.wav,Confident
./speech_audio/Confident/1152_part118.wav,Confident
./speech_audio/Confident/103_part170.wav,Confident
./speech_audio/Confident/1010_part103.wav,Confident
./speech_audio/Confident/103_part164.wav,Confident
./speech_audio/Confident/1185_part167.wav,Confident
./speech_audio/Confident/1010_part52.wav,Confident
./speech_audio/Confident/1152_part74.wav,Confident
./speech_audio/Confident/1185_part84.wav,Confident
./speech_audio/Confident/1185_part90.wav,Confident
./speech_audio/Confident/1054_part160.wav,Confident
./speech_audio/Confident/1054_part78.wav,Confident
./speech_audio/Confident/1054_part40.wav,Confident
./speech_audio/Confident/1054_part68.wav,Confident
./speech_audio/Confident/1185_part94.wav,Confident
./speech_audio/Confident/103_part376.wav,Confident
./speech_audio/Confident/1054_part158.wav,Confident
./speech_audio/Confident/1185_part80.wav,Confident
./speech_audio/Confident/1185_part163.wav,Confident
./speech_audio/Confident/1152_part70.wav,Confident
./speech_audio/Confident/1010_part56.wav,Confident
./speech_audio/Confident/1095_part208.wav,Confident
./speech_audio/Confident/1010_part113.wav,Confident
./speech_audio/Confident/1010_part107.wav,Confident
./speech_audio/Confident/103_part174.wav,Confident
./speech_audio/Confident/103_part148.wav,Confident
./speech_audio/Confident/1010_part95.wav,Confident
./speech_audio/Confident/1152_part134.wav,Confident
./speech_audio/Confident/1054_part212.wav,Confident
./speech_audio/Confident/1070_part128.wav,Confident
./speech_audio/Confident/1095_part181.wav,Confident
./speech_audio/Confident/1095_part142.wav,Confident
./speech_audio/Confident/1070_part34.wav,Confident
./speech_audio/Confident/1095_part156.wav,Confident
./speech_audio/Confident/1095_part157.wav,Confident
./speech_audio/Confident/1070_part35.wav,Confident
./speech_audio/Confident/1095_part143.wav,Confident
./speech_audio/Confident/103_part217.wav,Confident
./speech_audio/Confident/1095_part180.wav,Confident
./speech_audio/Confident/1054_part213.wav,Confident
./speech_audio/Confident/1070_part129.wav,Confident
./speech_audio/Confident/1152_part135.wav,Confident
./speech_audio/Confident/1010_part94.wav,Confident
./speech_audio/Confident/103_part149.wav,Confident
./speech_audio/Confident/1010_part106.wav,Confident
./speech_audio/Confident/1010_part112.wav,Confident
./speech_audio/Confident/1095_part209.wav,Confident
./speech_audio/Confident/1152_part65.wav,Confident
./speech_audio/Confident/1010_part57.wav,Confident
./speech_audio/Confident/1152_part71.wav,Confident
./speech_audio/Confident/1185_part162.wav,Confident
./speech_audio/Confident/103_part377.wav,Confident
./speech_audio/Confident/1054_part159.wav,Confident
./speech_audio/Confident/1185_part81.wav,Confident
./speech_audio/Confident/1185_part95.wav,Confident
./speech_audio/Confident/1054_part69.wav,Confident
./speech_audio/Confident/1054_part41.wav,Confident
./speech_audio/Confident/1054_part198.wav,Confident
./speech_audio/Confident/1095_part29.wav,Confident
./speech_audio/Confident/1185_part83.wav,Confident
./speech_audio/Confident/103_part375.wav,Confident
./speech_audio/Confident/1185_part97.wav,Confident
./speech_audio/Confident/1010_part69.wav,Confident
./speech_audio/Confident/1010_part55.wav,Confident
./speech_audio/Confident/1152_part67.wav,Confident
./speech_audio/Confident/103_part188.wav,Confident
./speech_audio/Confident/1152_part73.wav,Confident
./speech_audio/Confident/1185_part148.wav,Confident
./speech_audio/Confident/1010_part104.wav,Confident
./speech_audio/Confident/1010_part110.wav,Confident
./speech_audio/Confident/103_part163.wav,Confident
./speech_audio/Confident/1010_part96.wav,Confident
./speech_audio/Confident/1010_part138.wav,Confident
./speech_audio/Confident/1152_part137.wav,Confident
./speech_audio/Confident/1054_part211.wav,Confident
./speech_audio/Confident/1095_part182.wav,Confident
./speech_audio/Confident/1095_part169.wav,Confident
./speech_audio/Confident/103_part39.wav,Confident
./speech_audio/Confident/1152_part8.wav,Confident
./speech_audio/Confident/1095_part155.wav,Confident
./speech_audio/Confident/1095_part141.wav,Confident
./speech_audio/Confident/1070_part37.wav,Confident
./speech_audio/Confident/103_part228.wav,Confident
./speech_audio/Confident/1070_part36.wav,Confident
./speech_audio/Confident/1095_part140.wav,Confident
./speech_audio/Confident/1095_part154.wav,Confident
./speech_audio/Confident/1095_part168.wav,Confident
./speech_audio/Confident/1152_part9.wav,Confident
./speech_audio/Confident/103_part38.wav,Confident
./speech_audio/Confident/1095_part183.wav,Confident
./speech_audio/Confident/1152_part136.wav,Confident
./speech_audio/Confident/1010_part97.wav,Confident
./speech_audio/Confident/1010_part139.wav,Confident
./speech_audio/Confident/1010_part111.wav,Confident
./speech_audio/Confident/1010_part105.wav,Confident
./speech_audio/Confident/1152_part72.wav,Confident
./speech_audio/Confident/103_part189.wav,Confident
./speech_audio/Confident/1152_part66.wav,Confident
./speech_audio/Confident/1010_part54.wav,Confident
./speech_audio/Confident/1185_part161.wav,Confident
./speech_audio/Confident/1010_part68.wav,Confident
./speech_audio/Confident/103_part348.wav,Confident
./speech_audio/Confident/1185_part96.wav,Confident
./speech_audio/Confident/1185_part82.wav,Confident
./speech_audio/Confident/103_part374.wav,Confident
./speech_audio/Confident/1054_part42.wav,Confident
./speech_audio/Confident/1095_part28.wav,Confident
